1,Rautenstrauch,Francoise,QX223FUFUF,Francoise0
2,Loud,Kendra,ESUYVJPCCL,Kendra1
3,Bauswell,Lourdes,L9RK9WUG84,Lourdes2
4,Edmison,Hannah,8J4GWEG8R2,Hannah3
5,Loeza,Tom,D5P34XK6Q6,Tom4
6,Kramarczyk,Queenie,7PZC43E9RI,Queenie5
7,Portaro,Hui,0SF42J7CQX,Hui6
8,Opitz,Josefa,2G09GXATBT,Josefa7
9,Steinhaus,Lea,ZMD2PHV7LG,Lea8
10,Vielma,Paola,BWOSOA9EMH,Paola9
11,Bresser,Hortencia,CZVYS5O195,Hortencia10
12,Tijerina,Leanna,ZT41TZLZTQ,Leanna11
13,Pride,Danilo,1J99YFSAVY,Danilo12
14,Marcille,Huey,AO0SV3YB2L,Huey13
15,Warne,Apolonia,UUY0VCNO1G,Apolonia14
16,Lagos,Chandra,WK5JBJV7JV,Chandra15
17,Pacholec,Crissy,GY0DR7T22K,Crissy16
18,Branin,Gianna,0VEM1PFEXF,Gianna17
19,Billa,Valentin,RA89J6MHLF,Valentin18
20,Dudash,Ilona,N17XQWRMAS,Ilona19
21,Lablanc,Willard,ID0OZXZWDJ,Willard20
22,Randol,Lauryn,FWKH11XS7W,Lauryn21
23,Begin,Laurena,XZOP8JU6TN,Laurena22
24,Michelle,Elise,6KLROYB9XE,Elise23
25,Kardell,Corrie,KSICLBLN6A,Corrie24
26,Rabuse,Kimberely,BZATQ174GL,Kimberely25
27,Violett,Tish,05LRMHAC1Q,Tish26
28,Stanfield,Hollis,DK3BX8ZW47,Hollis27
29,Christmann,Andree,1MKFIMIB0S,Andree28
30,Fucillo,Lyla,TQA8UUSEOQ,Lyla29
31,Yafuso,Felton,5ONCLIYCF3,Felton30
32,Polino,Dell,UVCNWC1DDO,Dell31
33,Leko,Nohemi,X0TBX67EPT,Nohemi32
34,Lembke,Tambra,AJ1S3CKA47,Tambra33
35,Maikoksoong,Vicki,KNTJ6E9SCI,Vicki34
36,Airhart,Renato,71KO9FBW99,Renato35
37,Darbro,Lenita,BQU2MXLVLZ,Lenita36
38,Hagen,Barney,3T855LTSAS,Barney37
39,Armacost,Matthew,YFVSV942ZS,Matthew38
40,Nelton,Belen,W1L4ISSF1P,Belen39
41,Wardle,Iesha,TNXMAFZV94,Iesha40
42,Sarchet,Francesco,S1B7E1579K,Francesco41
43,Rhule,Paulene,3MTJQWLJV7,Paulene42
44,Hughlett,Carole,LE37TTTBMX,Carole43
45,Dunning,Miss,63GAPP3P2S,Miss44
46,Hinsch,Elfrieda,FXVMZPBL1O,Elfrieda45
47,Calzado,Edelmira,UT6NIWU1XJ,Edelmira46
48,Wasurick,Jaime,XA15O0Q5V9,Jaime47
49,Hua,Lera,UZQ0CU3O29,Lera48
50,Mastro,Jame,53MSSWHYB2,Jame49
51,Hailstone,Jillian,V2URNSA36H,Jillian50
52,Zarling,Louis,9NDMKWS74J,Louis51
53,Mcshaw,Emmett,GKWO7C8RB7,Emmett52
54,Sams,Tammy,YWWEC1SD14,Tammy53
55,Wylie,Willis,N9Y92GIU48,Willis54
56,Brzozowski,Maxima,82FNR33NLK,Maxima55
57,Latif,Boris,A05U103ZSE,Boris56
58,Knavel,Salina,TD31QLLBHV,Salina57
59,Dini,Justa,KKL6KNIYMQ,Justa58
60,Wolfgang,Amalia,B86H7ZA9PF,Amalia59
61,Tutterrow,Felix,X6Z8SRRG99,Felix60
62,Mcglocklin,Eura,7JW2BFX6H6,Eura61
63,Heuring,Lang,RJ4OZAH7UH,Lang62
64,Lakatos,Agustin,D708NVGY96,Agustin63
65,Gudiel,Carman,H1DMYGXKYI,Carman64
66,Hofbauer,Argelia,Z2G6O18ANT,Argelia65
67,Cisney,Mammie,XJFHE6MJFD,Mammie66
68,Menino,Rashad,A688NUKBC2,Rashad67
69,Bastain,Janna,DSLK6T7807,Janna68
70,Neikirk,Callie,3JGF7BNTCV,Callie69
71,Helmcamp,Coral,RH560QYRQZ,Coral70
72,Mushero,Xenia,X68HCZH2LV,Xenia71
73,Nitcher,Adelle,GADYP7Z5EG,Adelle72
74,Wehrwein,Hildegarde,XP38NM1MD6,Hildegarde73
75,Sugai,Phuong,5DYY3W2RK0,Phuong74
76,Lafoy,Leontine,VAU9OE2HWL,Leontine75
77,Mcalarney,Darell,W3C2LJJ0UP,Darell76
78,Landman,Madonna,H3S0IPYTE4,Madonna77
79,Berggren,Chuck,AFK1YD6P6V,Chuck78
80,Epperheimer,Gregg,1NEV1JPV72,Gregg79
81,Bubrig,Yan,MKYJBLK24N,Yan80
82,Garlett,Stephanie,Q1H0SGA8JH,Stephanie81
83,Stenquist,Alberto,UPDF6P90HS,Alberto82
84,Shivers,Wayne,KE0ZJBN45E,Wayne83
85,Bothe,Kristal,OL9S6ZQPYN,Kristal84
86,Stadel,Florencia,1KRVGFFCFY,Florencia85
87,Tumolillo,Darrin,VIYT0534O3,Darrin86
88,Rudig,Freeman,FMUJEOS6OJ,Freeman87
89,Mollison,Lazaro,C86953TSPV,Lazaro88
90,Rieg,Ellsworth,S3KRMCV4GX,Ellsworth89
91,Mrkvicka,Brinda,JEFFVHSI1O,Brinda90
92,Mackedanz,Florinda,F9UXRTLXKJ,Florinda91
93,Swartzbeck,Nadine,SQQMLSFP33,Nadine92
94,Torchio,Arlette,I1BDGBPG0Y,Arlette93
95,Krivanec,Adolph,YS7OZU7L69,Adolph94
96,Colbath,Georgiana,HXOZ1VCPRN,Georgiana95
97,Lehn,Rana,GX0ZPRE1TB,Rana96
98,Morgan,Chi,ADO0W5IVVN,Chi97
99,Prothro,Starr,FRNKRACKP5,Starr98
100,Roseum,Glennis,VULODR78LE,Glennis99
101,Petermeier,Thea,1Z14PHSP0R,Thea100
102,Persechino,Rosalind,HAQRXLV0P0,Rosalind101
103,Tapian,Shenika,93L1WQQ9FO,Shenika102
104,Vandeberg,Veta,CJMFDIZIS6,Veta103
105,Geneseo,Herschel,FFXB8A38EO,Herschel104
106,Tomasic,Dianne,HQYT1Q8N10,Dianne105
107,Gerten,Micah,0185G7V943,Micah106
108,Alaibilla,Kaycee,9OC40JALOK,Kaycee107
109,Brang,Tesha,PSLDBYJHFB,Tesha108
110,Chhour,Marya,3MBGN5ABUD,Marya109
111,Kettelle,Ronnie,D5C5BN09JH,Ronnie110
112,Fower,Mabel,UPHVS2NL3C,Mabel111
113,Works,Harley,YB5TP7S4G3,Harley112
114,Nedman,Joye,G6ZM0PNHDD,Joye113
115,Harnish,Luisa,1MDYX5NXX5,Luisa114
116,Lortz,Stacey,XHYT9N5UZW,Stacey115
117,Mesmer,Reyes,CDJZH2T80T,Reyes116
118,Demus,Avery,WYJ54N44JO,Avery117
119,Scotts,Colby,9VSMKTQDP3,Colby118
120,Wrinkle,Afton,Y6ZTN1G6I7,Afton119
121,Sifford,India,CXPBGBU3T4,India120
122,Coin,Brunilda,A81MCIPHHH,Brunilda121
123,Emanuel,Jenifer,1Y5W93X06A,Jenifer122
124,Nosis,Makeda,XN01X7M0AC,Makeda123
125,Oppy,Vivan,S3OBATQ01A,Vivan124
126,Gazzola,Eric,QED2BKPQNA,Eric125
127,Davirro,Thersa,DWBYR2Z6RZ,Thersa126
128,Presnal,Mindy,C0P5MQ00OK,Mindy127
129,Metzner,Luis,PB3KCUEE1R,Luis128
130,Mcloud,Dawne,B7TUELMD5Z,Dawne129
131,Kinikini,Karrie,SUHLWE6LC0,Karrie130
132,Hermon,Mozelle,34TRRFEMO0,Mozelle131
133,Hair,Mila,6SAPMAG73J,Mila132
134,Jefferys,Gilma,DKU6GA45N7,Gilma133
135,Mcduffie,Armanda,CAWJC5OJH1,Armanda134
136,Normandeau,Vonda,H238XOYUR5,Vonda135
137,Mondale,Truman,XUGVUP6QMS,Truman136
138,Tenuta,Elvis,SCDE18IAJY,Elvis137
139,Dedaj,Loise,DYP90I4CZX,Loise138
140,Pedder,Jannette,5O0IFATSJZ,Jannette139
141,Rand,Margo,OP0SLA4WZF,Margo140
142,Benett,Dahlia,EF0K0IB6BN,Dahlia141
143,Mckeon,Dominga,U7DCV461DD,Dominga142
144,Ziller,Carry,6FPRRZNK8A,Carry143
145,Fears,Bong,ZRZARZDOZM,Bong144
146,Staiano,Yolande,060YC1DO0F,Yolande145
147,Hegdahl,Lottie,5I4BGX0M7J,Lottie146
148,Kylish,Jose,5HB7VOHZTI,Jose147
149,Abramovitz,Tuyet,N4FULFLM8H,Tuyet148
150,Provenzano,Pearline,DQ3BKXSM71,Pearline149
151,Hankison,Robt,LD1VR7ZB0M,Robt150
152,Kesten,Shawnee,RMZ4QJR4C3,Shawnee151
153,Quinones,Lacresha,UT2KNBHZGO,Lacresha152
154,Vinroe,Basilia,N0EXEHHQLE,Basilia153
155,Areizaga,Aleisha,4O8O9BKAPG,Aleisha154
156,Tryninewski,Frank,XBUAM42IG1,Frank155
157,Steinhorst,Ria,YNMR1EN7FG,Ria156
158,Kallenberger,Carla,8LEDGGV3U4,Carla157
159,Skahan,Lashanda,VNCJV5IZ7Y,Lashanda158
160,Catalina,Jarod,SUECPGZHNA,Jarod159
161,Rabago,Leoma,8KTTHKYN2J,Leoma160
162,Greeves,Yasuko,PO2ELGMRXB,Yasuko161
163,Snelling,Jimmie,3XQGXNL5J7,Jimmie162
164,Dugre,Titus,BIPVTYMF4G,Titus163
165,Teoh,Joanne,IC1AQFSPPK,Joanne164
166,Groom,Suzi,LFXCETY5FZ,Suzi165
167,Amazan,Denny,JVRICDEF3I,Denny166
168,Coughlan,Willie,LQMIJ4LL7E,Willie167
169,Brake,Margurite,DO43PJE4F9,Margurite168
170,Romack,Arlen,ZISS3JX5QL,Arlen169
171,Corna,Shaniqua,CQUPDP3K23,Shaniqua170
172,Boccard,William,Q2SW2UX0AD,William171
173,Riviere,Silva,XQ08D85CGT,Silva172
174,Haberle,Gearldine,TXKS3H6KAQ,Gearldine173
175,Aja,Azalee,0Z7AQU0WX2,Azalee174
176,Plikerd,Kimbery,S3DB6YVU6Y,Kimbery175
177,Kratt,Ricarda,8TVI9RR37S,Ricarda176
178,Massay,Macy,BB3GE4GOA9,Macy177
179,Normington,Carol,N8IK01CQ33,Carol178
180,Czaplinski,Blythe,3OV0WNQJBX,Blythe179
181,Tesseneer,Tanesha,7WCG5M7QMH,Tanesha180
182,Orndoff,Yaeko,NTR6WGESAI,Yaeko181
183,Lorenz,Broderick,6L6JA71H3Z,Broderick182
184,Shadle,Twila,S7X6OL1B2R,Twila183
185,Pead,Sarina,BV2JE9BNBS,Sarina184
186,Peets,Candra,OM58GL7GR0,Candra185
187,Aprigliano,Von,BXRS7ANEV3,Von186
188,Verso,Natalya,8RFVLUD83V,Natalya187
189,Rigazio,Stanton,A4BBLW7PBH,Stanton188
190,Larner,Dona,8IQS0Q4Z64,Dona189
191,Choice,Cortney,3LNWB18OWB,Cortney190
192,Betterton,Ira,ML2LTCJO24,Ira191
193,Pickle,Vanna,OFGNWV6TB6,Vanna192
194,Sabota,Bo,A2W28WHIES,Bo193
195,Corners,Nathalie,OGHKX3EK8G,Nathalie194
196,Lockamy,Rodney,R5HCJ34Y8B,Rodney195
197,Hairr,Elena,EVZRJIP734,Elena196
198,Kraatz,Blossom,86QRTI5KJZ,Blossom197
199,Griepentrog,Loreen,OXLMYMGCQB,Loreen198
200,Keirnan,Tayna,YE69LKW8L1,Tayna199
201,Planty,Nieves,0MZ6NYFD9G,Nieves200
202,Robinault,Glenn,4MJR9R5Y33,Glenn201
203,Racer,Julianna,U23NAFP1J4,Julianna202
204,Nitchals,Ashton,7R6B317QB0,Ashton203
205,Scovil,Shaun,E3FO6PW72G,Shaun204
206,Shintaku,Long,WZMS1DXWSM,Long205
207,Meir,Vinnie,SCCGW8RB1W,Vinnie206
208,Flipp,Lucia,T5OTGVKPDJ,Lucia207
209,Ivaska,Corazon,GB94VK408G,Corazon208
210,Stakes,Miriam,KKYDE2IG0G,Miriam209
211,Nigl,Vallie,CDF6HPWOUE,Vallie210
212,Isachsen,Sheldon,DZWG7MI8YI,Sheldon211
213,Balonek,Nickie,KH5Q6YWM2Y,Nickie212
214,Caneles,Fletcher,KP2G883YYC,Fletcher213
215,Eisert,Rutha,N8RHXV81RN,Rutha214
216,Geigel,Brandon,97QW3U3XUH,Brandon215
217,Lamme,Franchesca,VHOVB7LLUT,Franchesca216
218,Naddeo,Lorriane,0MAQTYFHXG,Lorriane217
219,Berson,Asuncion,4L3YBO0GZU,Asuncion218
220,Hoerter,Georgiann,Z645T3X7SJ,Georgiann219
221,Bultron,Hershel,PZG5U46CXS,Hershel220
222,Collopy,Chu,CLOX709ASH,Chu221
223,Vosmus,Bettina,NKH92498HP,Bettina222
224,Sport,Lynsey,OIGO9F1JH0,Lynsey223
225,Kuechler,Phil,SKYS08E8YO,Phil224
226,Nicks,Cordelia,2JGRZIRXEZ,Cordelia225
227,Marrano,Georgeanna,OGLIKPJ5PA,Georgeanna226
228,Lanter,Rosendo,CNPNM3GI1J,Rosendo227
229,Norcia,Jerilyn,8RLB82E389,Jerilyn228
230,Bakeley,Elfriede,H92DJFM0D2,Elfriede229
231,Sheck,Harris,T0DOLRHVIY,Harris230
232,Beilinson,Leonor,EQW5YAZEVX,Leonor231
233,Waska,Terrilyn,5OAPT03S7R,Terrilyn232
234,Foulds,Maddie,HLN1UEHJGY,Maddie233
235,Anstead,Melynda,0QFG6DQ6HQ,Melynda234
236,Thigpen,Odette,AJBIXQUICR,Odette235
237,Meinen,Steffanie,OBEFOJG2DN,Steffanie236
238,Stimac,Antonette,CUOD9GPCQ1,Antonette237
239,Daneker,Thora,0DEZJTNK54,Thora238
240,Massanet,Nada,Z3T1ME3TGH,Nada239
241,Dills,Ivette,GD1PL3JT5E,Ivette240
242,Delacerda,Devon,FZD7PP8JA8,Devon241
243,Tibbles,Lon,6G19RB9F6Q,Lon242
244,Santanna,Tennie,H7KOH6G7RM,Tennie243
245,Vilven,Fidelia,QO8A03PL8K,Fidelia244
246,Gunyan,Michal,EXPHO3VHTI,Michal245
247,Yandow,Enola,LXRTKLYQBX,Enola246
248,Mamudoski,Meghann,P21JALUPX2,Meghann247
249,Mattia,Latanya,TKDG9WU1GL,Latanya248
250,Chreene,Ocie,RO4MQ1JKU8,Ocie249
251,Dubray,Precious,K6V9RRTKA4,Precious250
252,Laramie,Sanda,MSP48ZXPHS,Sanda251
253,Benavente,Gaynell,B094AK6MA9,Gaynell252
254,Cutsforth,Bethanie,MXQQT17LUS,Bethanie253
255,Capiga,Yvette,0517T3ONA6,Yvette254
256,Blackmon,Alana,3J992VSYA4,Alana255
257,Beachel,Lakeesha,YQY9H4WS83,Lakeesha256
258,Friedman,Ailene,OOK9J59PC6,Ailene257
259,Madson,Valene,4CUCIKM9QJ,Valene258
260,Bub,Floyd,6LMOVLVOXL,Floyd259
261,Hatherly,Josue,GS75FQOS8U,Josue260
262,Wadden,Johnathon,XSOC9B7V17,Johnathon261
263,Drizin,Kenneth,9ZBU1QN66H,Kenneth262
264,Titzer,Leila,Z92BPQL3IM,Leila263
265,Quinlisk,Marquetta,9DLKNVR36A,Marquetta264
266,Beliles,Annamae,R12ONS9H9C,Annamae265
267,Dosal,An,320EO2UCLH,An266
268,Cortesi,Karina,Y1A3DY5U6T,Karina267
269,Luong,Otis,KCD04P2VYL,Otis268
270,Kasperek,Brendan,398RU338VU,Brendan269
271,Evartt,Keith,YW03SKYMUQ,Keith270
272,Arand,Paulina,6JLKWAPGM2,Paulina271
273,Welschmeyer,Cherelle,OHN2UWQCGZ,Cherelle272
274,Neelon,Percy,7R0V9HWKSL,Percy273
275,Storrs,Margot,QZQSCO7XYX,Margot274
276,Bellis,Paris,WJWO9RJW75,Paris275
277,Masiejczyk,Sina,AATACPIQJE,Sina276
278,Selfe,Kimi,4H5AVU3HXL,Kimi277
279,Richrdson,Chun,4HYJZ0JKND,Chun278
280,Thiemann,Lelia,BSXGDTU5SN,Lelia279
281,Zinda,Cordell,FYYNZKW5QZ,Cordell280
282,Aitken,Dorothy,EV3T7L7H5N,Dorothy281
283,Mcelreath,Chauncey,NE1KAOIM7S,Chauncey282
284,Stropko,Tenesha,IZQJTABBP0,Tenesha283
285,Lovero,Anjelica,LA8GR6WXP3,Anjelica284
286,Adessa,Olga,K8ZYAXUTOC,Olga285
287,Tindal,Monte,1E1POSDA0E,Monte286
288,Mccoskey,Pamela,6ZV4EVWRFR,Pamela287
289,Lippoldt,Toshia,I09Z84OL4E,Toshia288
290,Sandusky,Polly,MNR5FLVKV9,Polly289
291,Boerboom,Judy,VMWDSXC2YB,Judy290
292,Pritt,Celestine,NCV4ENGJBJ,Celestine291
293,Fode,Murray,ZI6TMODWUP,Murray292
294,Courter,Shoshana,QCLC6ML4X4,Shoshana293
295,Pezley,Glendora,M4IP8AA0GG,Glendora294
296,Kana,Carlene,8VPQF3C95T,Carlene295
297,Gilliam,Adria,A4S571NILV,Adria296
298,Maury,Elina,GXZP9T7IWO,Elina297
299,Dorio,Emile,U44D4QLRGQ,Emile298
300,Lannigan,Zoila,TQ3G2WP8JH,Zoila299
301,Yestramski,Yong,PIVL32OJWL,Yong300
302,Dicus,Troy,4CF32133NM,Troy301
303,Vanhuss,Annamaria,QSO1KC5O96,Annamaria302
304,Lowther,Dorothea,HYUW76HIRP,Dorothea303
305,Letran,Marion,7KVXV781I3,Marion304
306,Bredernitz,Trinidad,T25AKC1WOU,Trinidad305
307,Penso,Herminia,NOYRM8XA9R,Herminia306
308,Bigaud,Val,CYRHJEKX28,Val307
309,Oviedo,Renay,MGZB35TS6N,Renay308
310,Kotow,Buck,2I8ET1TLXP,Buck309
311,Rollison,Toi,ZYZWXOK4QB,Toi310
312,Pennel,Shanice,K64JOPOFHA,Shanice311
313,Ramerez,Oliva,GYRXJ4E9RJ,Oliva312
314,Crocker,Tamera,EZ5GRZ3997,Tamera313
315,Rather,Melvin,JN9HEBKUS0,Melvin314
316,Fitzke,Essie,VM0NLC0SX6,Essie315
317,Knieper,Shay,GE65TWCEZM,Shay316
318,Sensibaugh,Ruby,YXLIRQUFJJ,Ruby317
319,Doscher,Caren,ZI4B3H61H1,Caren318
320,Frisinger,Lasandra,D1GMHXPBJD,Lasandra319
321,Frere,Sommer,BINDPTVTXF,Sommer320
322,Marien,Providencia,L9C4YJ8B6V,Providencia321
323,Arnoldi,Lindsey,GGDKBG5JD3,Lindsey322
324,Riesgraf,Romana,474D9FFA20,Romana323
325,Logwood,Nobuko,KI2QSQO3G7,Nobuko324
326,Arredondo,Shawnna,Y3ISVQ0TIG,Shawnna325
327,Hathcox,Doyle,XM4IZNZWG8,Doyle326
328,Deppen,Jacinta,ODZ5KC38HP,Jacinta327
329,Kuamoo,Tawanna,095TGIAST4,Tawanna328
330,Cloutier,Christa,AFIMI5BB4K,Christa329
331,Kotz,Noe,SNOZ6F8W89,Noe330
332,Fajen,Ellen,EQATFNCAEF,Ellen331
333,Pelletier,Tequila,4FOVJQNWR3,Tequila332
334,Bonventre,Tawny,EHGIQZDWUT,Tawny333
335,Mcspedon,Rosalyn,R0H2WVQ1RD,Rosalyn334
336,Miyata,Noble,FUL5CWWH4P,Noble335
337,Hubbell,Lucille,0B9LP8WWAG,Lucille336
338,Tuazon,Azzie,FE2FIMYERN,Azzie337
339,Arau,Darci,8ZINLRN3CY,Darci338
340,Suman,King,QH14DQJ8VM,King339
341,Frayer,Anissa,9R08QA9K64,Anissa340
342,Heinricher,Rosann,CL52068GGU,Rosann341
343,Rippy,Jeannine,5XWTZMLC3Z,Jeannine342
344,Casteneda,Lashaun,9XFEYE6OCC,Lashaun343
345,Walen,Miesha,YL4U2ILB5Y,Miesha344
346,Kountz,Marva,PY8SJZQTT2,Marva345
347,Lamastus,Dion,CSFALQMQPU,Dion346
348,Sarkin,Hassie,7H99GFMJCU,Hassie347
349,Perry,Jin,P853EHGDMK,Jin348
350,Peth,Demetra,N0ZL8OPYR6,Demetra349
351,Benauides,Irene,YHTEP0BF4Y,Irene350
352,Pesqueira,Colton,PCU2X4UX4O,Colton351
353,Cupit,Shannan,XA89X8X364,Shannan352
354,Kast,Shelba,SJ6MJ35HDZ,Shelba353
355,Diebold,Dorcas,69C6LRO97Y,Dorcas354
356,Wetherby,Rochell,B94K3M5CLH,Rochell355
357,Windell,Amber,ZXZGER0A8T,Amber356
358,Prinkey,Stefanie,C8M3MFMHJL,Stefanie357
359,Sharples,Kenia,TGYDB3DGYG,Kenia358
360,Libbey,Jacquline,MVK48RY0YI,Jacquline359
361,Michelet,Lavina,U6F9GEQUCF,Lavina360
362,Kazar,Billi,TTYBMDG5OO,Billi361
363,Leuthold,Aron,P7XAJPERLJ,Aron362
364,Tartar,Annice,RENL3U1L8D,Annice363
365,Zarazua,Hyun,VS46P65EZM,Hyun364
366,Ogle,Shala,Q1NID2FESB,Shala365
367,Canonico,Shasta,80JILSJYI2,Shasta366
368,Braseth,Wenona,ERDB9L1POB,Wenona367
369,Gallati,Marla,IQMMGL68TG,Marla368
370,Palenik,Myra,RKBEGRDMQP,Myra369
371,Jacocks,Lawanda,F9IKNB3X3C,Lawanda370
372,Kohlman,Curt,LIHGOJIQ3I,Curt371
373,Finstad,Susy,OPVXB2AIT1,Susy372
374,Kaper,Kathrine,VR4WYGUMXH,Kathrine373
375,Pospishil,Oneida,IOH9K3F53V,Oneida374
376,Perera,Allene,H1RWP5H9FH,Allene375
377,Leahman,Leonardo,MZL7NLKF71,Leonardo376
378,Russi,Nakisha,P44FGCU4Y6,Nakisha377
379,Geberth,Merri,TSA07T2Y7S,Merri378
380,Vereen,Malcom,FRHLM8TEJR,Malcom379
381,Abney,Louvenia,ACHT3HBWN1,Louvenia380
382,Borlace,Alita,9YTOTU1VWP,Alita381
383,Ill,Noemi,15MYU9LE1O,Noemi382
384,Ancar,Nydia,CX5UB8O6H4,Nydia383
385,Meisel,Hana,KE5GPV1XCB,Hana384
386,Marrazzo,Noel,QYFRARIKSG,Noel385
387,Rowe,Brice,XP51TE13UI,Brice386
388,Kitchens,Nguyet,BD406U2W89,Nguyet387
389,Mair,Janae,52WBR936Y0,Janae388
390,Makley,Darrel,AVDVRCB8DY,Darrel389
391,Milionis,Genevieve,J3SB9ES149,Genevieve390
392,Bacho,Giovanna,FGU9V977IV,Giovanna391
393,Spannuth,Shelton,9I2K071D7V,Shelton392
394,Mahlum,Alison,3UUFFI0HHH,Alison393
395,Zufall,Maynard,T94KVKXXDV,Maynard394
396,Bussert,Timothy,SIGADPB4MR,Timothy395
397,Eddens,Viola,NN1HPXDN3A,Viola396
398,Michon,Luann,CGVAQWLQ7A,Luann397
399,Goerke,Mable,MKX6R2KS3D,Mable398
400,Kaea,Sabine,522MUDFORG,Sabine399
401,Moltz,Dolores,IBIEFTV0PA,Dolores400
402,Blan,Sonia,UCU5U5AALI,Sonia401
403,Stapels,Cletus,2KFAU6PY0T,Cletus402
404,Zoldak,Asha,H7GELR39RE,Asha403
405,Billow,Verlene,R0XJTM1JK8,Verlene404
406,Giglio,Yesenia,X26HGVLKXB,Yesenia405
407,Jobst,Verona,IEMONFSPXV,Verona406
408,Eggers,Denae,7K9RDEGUAF,Denae407
409,Montalgo,Rikki,VVYONF2TXI,Rikki408
410,Weekly,Nan,QGS5RWA36W,Nan409
411,Despain,Sherell,PF5PZS401S,Sherell410
412,Huelse,Phyliss,0HFTAML0DI,Phyliss411
413,Wida,Jesse,OWBGW7PCNG,Jesse412
414,Helander,Latonia,BWGT0XQTA9,Latonia413
415,Clozza,Aimee,PDNLM2335R,Aimee414
416,Staie,Marcelle,XOHTOC1MSJ,Marcelle415
417,Schuring,Ilda,9VIODNPTAZ,Ilda416
418,Klukken,Aileen,0F2FDKRMRN,Aileen417
419,Zeng,Davida,W2S78T3JVJ,Davida418
420,Rubarts,Beata,G4IVCG8DY0,Beata419
421,Wieand,Angelyn,SV2GLXMVDH,Angelyn420
422,Hummell,Claudio,7IHMDSLQB5,Claudio421
423,Twyman,Krystal,DLRBHCQ7K0,Krystal422
424,Echegoyen,Adela,ENOATANZ7Q,Adela423
425,Phibbs,Ryan,CU10UO895F,Ryan424
426,Buettner,Edmond,SZ6KQVMONS,Edmond425
427,Emmert,Catina,PPZYO06TQJ,Catina426
428,Pattengale,Milly,S9AXFRBSKX,Milly427
429,Erichsen,Jules,H8ZOMM1QV3,Jules428
430,Miklitz,Denna,AJDT70BXOM,Denna429
431,Cesa,Willetta,0NV9FPUOYY,Willetta430
432,Magathan,Johna,3S4G2GCTN4,Johna431
433,Oliverson,Ollie,GGBNGKZL91,Ollie432
434,Vitrano,Sherly,TK0HRI4WU5,Sherly433
435,Dishong,Kindra,H7O74EA8Q9,Kindra434
436,Tentler,Vanda,BAQKJW4FYD,Vanda435
437,Fitgerald,Marshall,QH3OAFN5SU,Marshall436
438,Hasha,Kelvin,0IBKZSK6YD,Kelvin437
439,Mccarley,Susana,P8RTKMJQJ9,Susana438
440,Nickelson,Wilson,3N2BLN0QXZ,Wilson439
441,Talty,Malissa,B78TTOQBKE,Malissa440
442,Castillanos,Tandra,8ZA1DHDWCO,Tandra441
443,Sammon,Lorean,LIS9VZ9ZRQ,Lorean442
444,Oien,Desirae,DF53D26DZ4,Desirae443
445,Cerao,Delsie,YXJ69MMK21,Delsie444
446,Purslow,Marnie,ST9BYMSNVY,Marnie445
447,Granier,Rene,BHL0SX5055,Rene446
448,Harnist,Trevor,2J2C01B3TP,Trevor447
449,Batdorf,Sharmaine,0CLUTGV3DN,Sharmaine448
450,Traux,Ricki,41RSPNJJMY,Ricki449
451,Shufelt,Bernadine,EZDMY9HJCT,Bernadine450
452,Reider,Shad,30CXP09MXB,Shad451
453,Hennon,Marleen,0O0GVAHNNX,Marleen452
454,Geitner,Joaquin,3X02DQYR0B,Joaquin453
455,Stockham,Slyvia,87KWWNSV6O,Slyvia454
456,Bala,Kris,73X6BPBGQU,Kris455
457,Diflorio,Gussie,ZFSQX50GMS,Gussie456
458,Lillywhite,Lavelle,O900IR027M,Lavelle457
459,Dermo,Bev,EA5GSL8JPK,Bev458
460,Digiovanni,Bette,5X0LTXL43S,Bette459
461,Mccloud,Lajuana,B6V6O2MDTO,Lajuana460
462,Westervelt,Shakira,DR85UAHKZG,Shakira461
463,Nickolich,Matt,JTNHY6QYM6,Matt462
464,Momplaisir,Clemencia,B7E3WWBVDF,Clemencia463
465,Maye,Ranee,A22SLHW73M,Ranee464
466,Eskew,Ming,ORT9FVQPWS,Ming465
467,Frymark,Effie,ST3ELQSG2Q,Effie466
468,Conger,Maricela,8Z4YRSMC9Y,Maricela467
469,Plantenberg,Esteban,QRHGMN7IG3,Esteban468
470,Wykle,Doretha,HKPFA296T3,Doretha469
471,Neitzke,Dorsey,L14D0PJ3MC,Dorsey470
472,Okuniewski,Amie,YFCNSNGWHF,Amie471
473,Berkoff,Bulah,AI4G04YEZ0,Bulah472
474,Delbosque,Erin,7AZ5Q5Q3XG,Erin473
475,Marushia,Kassandra,IVSI3BRWZD,Kassandra474
476,Matsuno,Leslee,6DPD7S1MSC,Leslee475
477,Dobler,Daniel,JSHY9Q4548,Daniel476
478,Unruh,Antonio,WWHYACYGMY,Antonio477
