1,2019-04-01,6_7,7_8,8_9,9_10,10_11,11_12,12_13,13_14,14_15,15_16,16_17,17_18,18_19,19_20,20_21
2,2019-04-01,6_7,7_8,8_9,9_10,10_11,11_12,12_13,13_14,14_15,15_16,16_17,17_18,18_19,19_20,20_21
3,2019-04-01,6_7,7_8,8_9,9_10,10_11,11_12,12_13,13_14,14_15,15_16,16_17,17_18,18_19,19_20,20_21
4,2019-04-01,6_7,7_8,8_9,9_10,10_11,11_12,12_13,13_14,14_15,15_16,16_17,17_18,18_19,19_20,20_21
5,2019-04-01,6_7,7_8,8_9,9_10,10_11,11_12,12_13,13_14,14_15,15_16,16_17,17_18,18_19,19_20,20_21
1,2019-04-02,6_7,7_8,8_9,9_10,10_11,11_12,12_13,13_14,14_15,15_16,16_17,17_18,18_19,19_20,20_21
2,2019-04-02,6_7,7_8,8_9,9_10,10_11,11_12,12_13,13_14,14_15,15_16,16_17,17_18,18_19,19_20,20_21
3,2019-04-02,6_7,7_8,8_9,9_10,10_11,11_12,12_13,13_14,14_15,15_16,16_17,17_18,18_19,19_20,20_21
4,2019-04-02,6_7,7_8,8_9,9_10,10_11,11_12,12_13,13_14,14_15,15_16,16_17,17_18,18_19,19_20,20_21
5,2019-04-02,6_7,7_8,8_9,9_10,10_11,11_12,12_13,13_14,14_15,15_16,16_17,17_18,18_19,19_20,20_21
1,2019-04-03,6_7,7_8,8_9,9_10,10_11,11_12,12_13,13_14,14_15,15_16,16_17,17_18,18_19,19_20,20_21
2,2019-04-03,6_7,7_8,8_9,9_10,10_11,11_12,12_13,13_14,14_15,15_16,16_17,17_18,18_19,19_20,20_21
3,2019-04-03,6_7,7_8,8_9,9_10,10_11,11_12,12_13,13_14,14_15,15_16,16_17,17_18,18_19,19_20,20_21
4,2019-04-03,6_7,7_8,8_9,9_10,10_11,11_12,12_13,13_14,14_15,15_16,16_17,17_18,18_19,19_20,20_21
5,2019-04-03,6_7,7_8,8_9,9_10,10_11,11_12,12_13,13_14,14_15,15_16,16_17,17_18,18_19,19_20,20_21
1,2019-04-04,6_7,7_8,8_9,9_10,10_11,11_12,12_13,13_14,14_15,15_16,16_17,17_18,18_19,19_20,20_21
2,2019-04-04,6_7,7_8,8_9,9_10,10_11,11_12,12_13,13_14,14_15,15_16,16_17,17_18,18_19,19_20,20_21
3,2019-04-04,6_7,7_8,8_9,9_10,10_11,11_12,12_13,13_14,14_15,15_16,16_17,17_18,18_19,19_20,20_21
4,2019-04-04,6_7,7_8,8_9,9_10,10_11,11_12,12_13,13_14,14_15,15_16,16_17,17_18,18_19,19_20,20_21
5,2019-04-04,6_7,7_8,8_9,9_10,10_11,11_12,12_13,13_14,14_15,15_16,16_17,17_18,18_19,19_20,20_21
1,2019-04-05,6_7,7_8,8_9,9_10,10_11,11_12,12_13,13_14,14_15,15_16,16_17,17_18,18_19,19_20,20_21
2,2019-04-05,6_7,7_8,8_9,9_10,10_11,11_12,12_13,13_14,14_15,15_16,16_17,17_18,18_19,19_20,20_21
3,2019-04-05,6_7,7_8,8_9,9_10,10_11,11_12,12_13,13_14,14_15,15_16,16_17,17_18,18_19,19_20,20_21
4,2019-04-05,6_7,7_8,8_9,9_10,10_11,11_12,12_13,13_14,14_15,15_16,16_17,17_18,18_19,19_20,20_21
5,2019-04-05,6_7,7_8,8_9,9_10,10_11,11_12,12_13,13_14,14_15,15_16,16_17,17_18,18_19,19_20,20_21
1,2019-04-06,6_7,7_8,8_9,9_10,10_11,11_12,12_13,13_14,14_15,15_16,16_17,17_18,18_19,19_20,20_21
2,2019-04-06,6_7,7_8,8_9,9_10,10_11,11_12,12_13,13_14,14_15,15_16,16_17,17_18,18_19,19_20,20_21
3,2019-04-06,6_7,7_8,8_9,9_10,10_11,11_12,12_13,13_14,14_15,15_16,16_17,17_18,18_19,19_20,20_21
4,2019-04-06,6_7,7_8,8_9,9_10,10_11,11_12,12_13,13_14,14_15,15_16,16_17,17_18,18_19,19_20,20_21
5,2019-04-06,6_7,7_8,8_9,9_10,10_11,11_12,12_13,13_14,14_15,15_16,16_17,17_18,18_19,19_20,20_21
1,2019-04-07,6_7,7_8,8_9,9_10,10_11,11_12,12_13,13_14,14_15,15_16,16_17,17_18,18_19,19_20,20_21
2,2019-04-07,6_7,7_8,8_9,9_10,10_11,11_12,12_13,13_14,14_15,15_16,16_17,17_18,18_19,19_20,20_21
3,2019-04-07,6_7,7_8,8_9,9_10,10_11,11_12,12_13,13_14,14_15,15_16,16_17,17_18,18_19,19_20,20_21
4,2019-04-07,6_7,7_8,8_9,9_10,10_11,11_12,12_13,13_14,14_15,15_16,16_17,17_18,18_19,19_20,20_21
5,2019-04-07,6_7,7_8,8_9,9_10,10_11,11_12,12_13,13_14,14_15,15_16,16_17,17_18,18_19,19_20,20_21
1,2019-04-08,6_7,7_8,8_9,9_10,10_11,11_12,12_13,13_14,14_15,15_16,16_17,17_18,18_19,19_20,20_21
2,2019-04-08,6_7,7_8,8_9,9_10,10_11,11_12,12_13,13_14,14_15,15_16,16_17,17_18,18_19,19_20,20_21
3,2019-04-08,6_7,7_8,8_9,9_10,10_11,11_12,12_13,13_14,14_15,15_16,16_17,17_18,18_19,19_20,20_21
4,2019-04-08,6_7,7_8,8_9,9_10,10_11,11_12,12_13,13_14,14_15,15_16,16_17,17_18,18_19,19_20,20_21
5,2019-04-08,6_7,7_8,8_9,9_10,10_11,11_12,12_13,13_14,14_15,15_16,16_17,17_18,18_19,19_20,20_21
1,2019-04-09,6_7,7_8,8_9,9_10,10_11,11_12,12_13,13_14,14_15,15_16,16_17,17_18,18_19,19_20,20_21
2,2019-04-09,6_7,7_8,8_9,9_10,10_11,11_12,12_13,13_14,14_15,15_16,16_17,17_18,18_19,19_20,20_21
3,2019-04-09,6_7,7_8,8_9,9_10,10_11,11_12,12_13,13_14,14_15,15_16,16_17,17_18,18_19,19_20,20_21
4,2019-04-09,6_7,7_8,8_9,9_10,10_11,11_12,12_13,13_14,14_15,15_16,16_17,17_18,18_19,19_20,20_21
5,2019-04-09,6_7,7_8,8_9,9_10,10_11,11_12,12_13,13_14,14_15,15_16,16_17,17_18,18_19,19_20,20_21
1,2019-04-10,6_7,7_8,8_9,9_10,10_11,11_12,12_13,13_14,14_15,15_16,16_17,17_18,18_19,19_20,20_21
2,2019-04-10,6_7,7_8,8_9,9_10,10_11,11_12,12_13,13_14,14_15,15_16,16_17,17_18,18_19,19_20,20_21
3,2019-04-10,6_7,7_8,8_9,9_10,10_11,11_12,12_13,13_14,14_15,15_16,16_17,17_18,18_19,19_20,20_21
4,2019-04-10,6_7,7_8,8_9,9_10,10_11,11_12,12_13,13_14,14_15,15_16,16_17,17_18,18_19,19_20,20_21
5,2019-04-10,6_7,7_8,8_9,9_10,10_11,11_12,12_13,13_14,14_15,15_16,16_17,17_18,18_19,19_20,20_21
1,2019-04-11,6_7,7_8,8_9,9_10,10_11,11_12,12_13,13_14,14_15,15_16,16_17,17_18,18_19,19_20,20_21
2,2019-04-11,6_7,7_8,8_9,9_10,10_11,11_12,12_13,13_14,14_15,15_16,16_17,17_18,18_19,19_20,20_21
3,2019-04-11,6_7,7_8,8_9,9_10,10_11,11_12,12_13,13_14,14_15,15_16,16_17,17_18,18_19,19_20,20_21
4,2019-04-11,6_7,7_8,8_9,9_10,10_11,11_12,12_13,13_14,14_15,15_16,16_17,17_18,18_19,19_20,20_21
5,2019-04-11,6_7,7_8,8_9,9_10,10_11,11_12,12_13,13_14,14_15,15_16,16_17,17_18,18_19,19_20,20_21
1,2019-04-12,6_7,7_8,8_9,9_10,10_11,11_12,12_13,13_14,14_15,15_16,16_17,17_18,18_19,19_20,20_21
2,2019-04-12,6_7,7_8,8_9,9_10,10_11,11_12,12_13,13_14,14_15,15_16,16_17,17_18,18_19,19_20,20_21
3,2019-04-12,6_7,7_8,8_9,9_10,10_11,11_12,12_13,13_14,14_15,15_16,16_17,17_18,18_19,19_20,20_21
4,2019-04-12,6_7,7_8,8_9,9_10,10_11,11_12,12_13,13_14,14_15,15_16,16_17,17_18,18_19,19_20,20_21
5,2019-04-12,6_7,7_8,8_9,9_10,10_11,11_12,12_13,13_14,14_15,15_16,16_17,17_18,18_19,19_20,20_21
1,2019-04-13,6_7,7_8,8_9,9_10,10_11,11_12,12_13,13_14,14_15,15_16,16_17,17_18,18_19,19_20,20_21
2,2019-04-13,6_7,7_8,8_9,9_10,10_11,11_12,12_13,13_14,14_15,15_16,16_17,17_18,18_19,19_20,20_21
3,2019-04-13,6_7,7_8,8_9,9_10,10_11,11_12,12_13,13_14,14_15,15_16,16_17,17_18,18_19,19_20,20_21
4,2019-04-13,6_7,7_8,8_9,9_10,10_11,11_12,12_13,13_14,14_15,15_16,16_17,17_18,18_19,19_20,20_21
5,2019-04-13,6_7,7_8,8_9,9_10,10_11,11_12,12_13,13_14,14_15,15_16,16_17,17_18,18_19,19_20,20_21
1,2019-04-14,6_7,7_8,8_9,9_10,10_11,11_12,12_13,13_14,14_15,15_16,16_17,17_18,18_19,19_20,20_21
2,2019-04-14,6_7,7_8,8_9,9_10,10_11,11_12,12_13,13_14,14_15,15_16,16_17,17_18,18_19,19_20,20_21
3,2019-04-14,6_7,7_8,8_9,9_10,10_11,11_12,12_13,13_14,14_15,15_16,16_17,17_18,18_19,19_20,20_21
4,2019-04-14,6_7,7_8,8_9,9_10,10_11,11_12,12_13,13_14,14_15,15_16,16_17,17_18,18_19,19_20,20_21
5,2019-04-14,6_7,7_8,8_9,9_10,10_11,11_12,12_13,13_14,14_15,15_16,16_17,17_18,18_19,19_20,20_21
1,2019-04-15,6_7,7_8,8_9,9_10,10_11,11_12,12_13,13_14,14_15,15_16,16_17,17_18,18_19,19_20,20_21
2,2019-04-15,6_7,7_8,8_9,9_10,10_11,11_12,12_13,13_14,14_15,15_16,16_17,17_18,18_19,19_20,20_21
3,2019-04-15,6_7,7_8,8_9,9_10,10_11,11_12,12_13,13_14,14_15,15_16,16_17,17_18,18_19,19_20,20_21
4,2019-04-15,6_7,7_8,8_9,9_10,10_11,11_12,12_13,13_14,14_15,15_16,16_17,17_18,18_19,19_20,20_21
5,2019-04-15,6_7,7_8,8_9,9_10,10_11,11_12,12_13,13_14,14_15,15_16,16_17,17_18,18_19,19_20,20_21
1,2019-04-16,6_7,7_8,8_9,9_10,10_11,11_12,12_13,13_14,14_15,15_16,16_17,17_18,18_19,19_20,20_21
2,2019-04-16,6_7,7_8,8_9,9_10,10_11,11_12,12_13,13_14,14_15,15_16,16_17,17_18,18_19,19_20,20_21
3,2019-04-16,6_7,7_8,8_9,9_10,10_11,11_12,12_13,13_14,14_15,15_16,16_17,17_18,18_19,19_20,20_21
4,2019-04-16,6_7,7_8,8_9,9_10,10_11,11_12,12_13,13_14,14_15,15_16,16_17,17_18,18_19,19_20,20_21
5,2019-04-16,6_7,7_8,8_9,9_10,10_11,11_12,12_13,13_14,14_15,15_16,16_17,17_18,18_19,19_20,20_21
1,2019-04-17,6_7,7_8,8_9,9_10,10_11,11_12,12_13,13_14,14_15,15_16,16_17,17_18,18_19,19_20,20_21
2,2019-04-17,6_7,7_8,8_9,9_10,10_11,11_12,12_13,13_14,14_15,15_16,16_17,17_18,18_19,19_20,20_21
3,2019-04-17,6_7,7_8,8_9,9_10,10_11,11_12,12_13,13_14,14_15,15_16,16_17,17_18,18_19,19_20,20_21
4,2019-04-17,6_7,7_8,8_9,9_10,10_11,11_12,12_13,13_14,14_15,15_16,16_17,17_18,18_19,19_20,20_21
5,2019-04-17,6_7,7_8,8_9,9_10,10_11,11_12,12_13,13_14,14_15,15_16,16_17,17_18,18_19,19_20,20_21
1,2019-04-18,6_7,7_8,8_9,9_10,10_11,11_12,12_13,13_14,14_15,15_16,16_17,17_18,18_19,19_20,20_21
2,2019-04-18,6_7,7_8,8_9,9_10,10_11,11_12,12_13,13_14,14_15,15_16,16_17,17_18,18_19,19_20,20_21
3,2019-04-18,6_7,7_8,8_9,9_10,10_11,11_12,12_13,13_14,14_15,15_16,16_17,17_18,18_19,19_20,20_21
4,2019-04-18,6_7,7_8,8_9,9_10,10_11,11_12,12_13,13_14,14_15,15_16,16_17,17_18,18_19,19_20,20_21
5,2019-04-18,6_7,7_8,8_9,9_10,10_11,11_12,12_13,13_14,14_15,15_16,16_17,17_18,18_19,19_20,20_21
1,2019-04-19,6_7,7_8,8_9,9_10,10_11,11_12,12_13,13_14,14_15,15_16,16_17,17_18,18_19,19_20,20_21
2,2019-04-19,6_7,7_8,8_9,9_10,10_11,11_12,12_13,13_14,14_15,15_16,16_17,17_18,18_19,19_20,20_21
3,2019-04-19,6_7,7_8,8_9,9_10,10_11,11_12,12_13,13_14,14_15,15_16,16_17,17_18,18_19,19_20,20_21
4,2019-04-19,6_7,7_8,8_9,9_10,10_11,11_12,12_13,13_14,14_15,15_16,16_17,17_18,18_19,19_20,20_21
5,2019-04-19,6_7,7_8,8_9,9_10,10_11,11_12,12_13,13_14,14_15,15_16,16_17,17_18,18_19,19_20,20_21
1,2019-04-20,6_7,7_8,8_9,9_10,10_11,11_12,12_13,13_14,14_15,15_16,16_17,17_18,18_19,19_20,20_21
2,2019-04-20,6_7,7_8,8_9,9_10,10_11,11_12,12_13,13_14,14_15,15_16,16_17,17_18,18_19,19_20,20_21
3,2019-04-20,6_7,7_8,8_9,9_10,10_11,11_12,12_13,13_14,14_15,15_16,16_17,17_18,18_19,19_20,20_21
4,2019-04-20,6_7,7_8,8_9,9_10,10_11,11_12,12_13,13_14,14_15,15_16,16_17,17_18,18_19,19_20,20_21
5,2019-04-20,6_7,7_8,8_9,9_10,10_11,11_12,12_13,13_14,14_15,15_16,16_17,17_18,18_19,19_20,20_21
1,2019-04-21,6_7,7_8,8_9,9_10,10_11,11_12,12_13,13_14,14_15,15_16,16_17,17_18,18_19,19_20,20_21
2,2019-04-21,6_7,7_8,8_9,9_10,10_11,11_12,12_13,13_14,14_15,15_16,16_17,17_18,18_19,19_20,20_21
3,2019-04-21,6_7,7_8,8_9,9_10,10_11,11_12,12_13,13_14,14_15,15_16,16_17,17_18,18_19,19_20,20_21
4,2019-04-21,6_7,7_8,8_9,9_10,10_11,11_12,12_13,13_14,14_15,15_16,16_17,17_18,18_19,19_20,20_21
5,2019-04-21,6_7,7_8,8_9,9_10,10_11,11_12,12_13,13_14,14_15,15_16,16_17,17_18,18_19,19_20,20_21
1,2019-04-22,6_7,7_8,8_9,9_10,10_11,11_12,12_13,13_14,14_15,15_16,16_17,17_18,18_19,19_20,20_21
2,2019-04-22,6_7,7_8,8_9,9_10,10_11,11_12,12_13,13_14,14_15,15_16,16_17,17_18,18_19,19_20,20_21
3,2019-04-22,6_7,7_8,8_9,9_10,10_11,11_12,12_13,13_14,14_15,15_16,16_17,17_18,18_19,19_20,20_21
4,2019-04-22,6_7,7_8,8_9,9_10,10_11,11_12,12_13,13_14,14_15,15_16,16_17,17_18,18_19,19_20,20_21
5,2019-04-22,6_7,7_8,8_9,9_10,10_11,11_12,12_13,13_14,14_15,15_16,16_17,17_18,18_19,19_20,20_21
1,2019-04-23,6_7,7_8,8_9,9_10,10_11,11_12,12_13,13_14,14_15,15_16,16_17,17_18,18_19,19_20,20_21
2,2019-04-23,6_7,7_8,8_9,9_10,10_11,11_12,12_13,13_14,14_15,15_16,16_17,17_18,18_19,19_20,20_21
3,2019-04-23,6_7,7_8,8_9,9_10,10_11,11_12,12_13,13_14,14_15,15_16,16_17,17_18,18_19,19_20,20_21
4,2019-04-23,6_7,7_8,8_9,9_10,10_11,11_12,12_13,13_14,14_15,15_16,16_17,17_18,18_19,19_20,20_21
5,2019-04-23,6_7,7_8,8_9,9_10,10_11,11_12,12_13,13_14,14_15,15_16,16_17,17_18,18_19,19_20,20_21
1,2019-04-24,6_7,7_8,8_9,9_10,10_11,11_12,12_13,13_14,14_15,15_16,16_17,17_18,18_19,19_20,20_21
2,2019-04-24,6_7,7_8,8_9,9_10,10_11,11_12,12_13,13_14,14_15,15_16,16_17,17_18,18_19,19_20,20_21
3,2019-04-24,6_7,7_8,8_9,9_10,10_11,11_12,12_13,13_14,14_15,15_16,16_17,17_18,18_19,19_20,20_21
4,2019-04-24,6_7,7_8,8_9,9_10,10_11,11_12,12_13,13_14,14_15,15_16,16_17,17_18,18_19,19_20,20_21
5,2019-04-24,6_7,7_8,8_9,9_10,10_11,11_12,12_13,13_14,14_15,15_16,16_17,17_18,18_19,19_20,20_21
1,2019-04-25,6_7,7_8,8_9,9_10,10_11,11_12,12_13,13_14,14_15,15_16,16_17,17_18,18_19,19_20,20_21
2,2019-04-25,6_7,7_8,8_9,9_10,10_11,11_12,12_13,13_14,14_15,15_16,16_17,17_18,18_19,19_20,20_21
3,2019-04-25,6_7,7_8,8_9,9_10,10_11,11_12,12_13,13_14,14_15,15_16,16_17,17_18,18_19,19_20,20_21
4,2019-04-25,6_7,7_8,8_9,9_10,10_11,11_12,12_13,13_14,14_15,15_16,16_17,17_18,18_19,19_20,20_21
5,2019-04-25,6_7,7_8,8_9,9_10,10_11,11_12,12_13,13_14,14_15,15_16,16_17,17_18,18_19,19_20,20_21
1,2019-04-26,6_7,7_8,8_9,9_10,10_11,11_12,12_13,13_14,14_15,15_16,16_17,17_18,18_19,19_20,20_21
2,2019-04-26,6_7,7_8,8_9,9_10,10_11,11_12,12_13,13_14,14_15,15_16,16_17,17_18,18_19,19_20,20_21
3,2019-04-26,6_7,7_8,8_9,9_10,10_11,11_12,12_13,13_14,14_15,15_16,16_17,17_18,18_19,19_20,20_21
4,2019-04-26,6_7,7_8,8_9,9_10,10_11,11_12,12_13,13_14,14_15,15_16,16_17,17_18,18_19,19_20,20_21
5,2019-04-26,6_7,7_8,8_9,9_10,10_11,11_12,12_13,13_14,14_15,15_16,16_17,17_18,18_19,19_20,20_21
1,2019-04-27,6_7,7_8,8_9,9_10,10_11,11_12,12_13,13_14,14_15,15_16,16_17,17_18,18_19,19_20,20_21
2,2019-04-27,6_7,7_8,8_9,9_10,10_11,11_12,12_13,13_14,14_15,15_16,16_17,17_18,18_19,19_20,20_21
3,2019-04-27,6_7,7_8,8_9,9_10,10_11,11_12,12_13,13_14,14_15,15_16,16_17,17_18,18_19,19_20,20_21
4,2019-04-27,6_7,7_8,8_9,9_10,10_11,11_12,12_13,13_14,14_15,15_16,16_17,17_18,18_19,19_20,20_21
5,2019-04-27,6_7,7_8,8_9,9_10,10_11,11_12,12_13,13_14,14_15,15_16,16_17,17_18,18_19,19_20,20_21
1,2019-04-28,6_7,7_8,8_9,9_10,10_11,11_12,12_13,13_14,14_15,15_16,16_17,17_18,18_19,19_20,20_21
2,2019-04-28,6_7,7_8,8_9,9_10,10_11,11_12,12_13,13_14,14_15,15_16,16_17,17_18,18_19,19_20,20_21
3,2019-04-28,6_7,7_8,8_9,9_10,10_11,11_12,12_13,13_14,14_15,15_16,16_17,17_18,18_19,19_20,20_21
4,2019-04-28,6_7,7_8,8_9,9_10,10_11,11_12,12_13,13_14,14_15,15_16,16_17,17_18,18_19,19_20,20_21
5,2019-04-28,6_7,7_8,8_9,9_10,10_11,11_12,12_13,13_14,14_15,15_16,16_17,17_18,18_19,19_20,20_21
1,2019-04-29,6_7,7_8,8_9,9_10,10_11,11_12,12_13,13_14,14_15,15_16,16_17,17_18,18_19,19_20,20_21
2,2019-04-29,6_7,7_8,8_9,9_10,10_11,11_12,12_13,13_14,14_15,15_16,16_17,17_18,18_19,19_20,20_21
3,2019-04-29,6_7,7_8,8_9,9_10,10_11,11_12,12_13,13_14,14_15,15_16,16_17,17_18,18_19,19_20,20_21
4,2019-04-29,6_7,7_8,8_9,9_10,10_11,11_12,12_13,13_14,14_15,15_16,16_17,17_18,18_19,19_20,20_21
5,2019-04-29,6_7,7_8,8_9,9_10,10_11,11_12,12_13,13_14,14_15,15_16,16_17,17_18,18_19,19_20,20_21
1,2019-04-30,6_7,7_8,8_9,9_10,10_11,11_12,12_13,13_14,14_15,15_16,16_17,17_18,18_19,19_20,20_21
2,2019-04-30,6_7,7_8,8_9,9_10,10_11,11_12,12_13,13_14,14_15,15_16,16_17,17_18,18_19,19_20,20_21
3,2019-04-30,6_7,7_8,8_9,9_10,10_11,11_12,12_13,13_14,14_15,15_16,16_17,17_18,18_19,19_20,20_21
4,2019-04-30,6_7,7_8,8_9,9_10,10_11,11_12,12_13,13_14,14_15,15_16,16_17,17_18,18_19,19_20,20_21
5,2019-04-30,6_7,7_8,8_9,9_10,10_11,11_12,12_13,13_14,14_15,15_16,16_17,17_18,18_19,19_20,20_21
1,2019-05-01,6_7,7_8,8_9,9_10,10_11,11_12,12_13,13_14,14_15,15_16,16_17,17_18,18_19,19_20,20_21
2,2019-05-01,6_7,7_8,8_9,9_10,10_11,11_12,12_13,13_14,14_15,15_16,16_17,17_18,18_19,19_20,20_21
3,2019-05-01,6_7,7_8,8_9,9_10,10_11,11_12,12_13,13_14,14_15,15_16,16_17,17_18,18_19,19_20,20_21
4,2019-05-01,6_7,7_8,8_9,9_10,10_11,11_12,12_13,13_14,14_15,15_16,16_17,17_18,18_19,19_20,20_21
5,2019-05-01,6_7,7_8,8_9,9_10,10_11,11_12,12_13,13_14,14_15,15_16,16_17,17_18,18_19,19_20,20_21
1,2019-05-02,6_7,7_8,8_9,9_10,10_11,11_12,12_13,13_14,14_15,15_16,16_17,17_18,18_19,19_20,20_21
2,2019-05-02,6_7,7_8,8_9,9_10,10_11,11_12,12_13,13_14,14_15,15_16,16_17,17_18,18_19,19_20,20_21
3,2019-05-02,6_7,7_8,8_9,9_10,10_11,11_12,12_13,13_14,14_15,15_16,16_17,17_18,18_19,19_20,20_21
4,2019-05-02,6_7,7_8,8_9,9_10,10_11,11_12,12_13,13_14,14_15,15_16,16_17,17_18,18_19,19_20,20_21
5,2019-05-02,6_7,7_8,8_9,9_10,10_11,11_12,12_13,13_14,14_15,15_16,16_17,17_18,18_19,19_20,20_21
1,2019-05-03,6_7,7_8,8_9,9_10,10_11,11_12,12_13,13_14,14_15,15_16,16_17,17_18,18_19,19_20,20_21
2,2019-05-03,6_7,7_8,8_9,9_10,10_11,11_12,12_13,13_14,14_15,15_16,16_17,17_18,18_19,19_20,20_21
3,2019-05-03,6_7,7_8,8_9,9_10,10_11,11_12,12_13,13_14,14_15,15_16,16_17,17_18,18_19,19_20,20_21
4,2019-05-03,6_7,7_8,8_9,9_10,10_11,11_12,12_13,13_14,14_15,15_16,16_17,17_18,18_19,19_20,20_21
5,2019-05-03,6_7,7_8,8_9,9_10,10_11,11_12,12_13,13_14,14_15,15_16,16_17,17_18,18_19,19_20,20_21
1,2019-05-04,6_7,7_8,8_9,9_10,10_11,11_12,12_13,13_14,14_15,15_16,16_17,17_18,18_19,19_20,20_21
2,2019-05-04,6_7,7_8,8_9,9_10,10_11,11_12,12_13,13_14,14_15,15_16,16_17,17_18,18_19,19_20,20_21
3,2019-05-04,6_7,7_8,8_9,9_10,10_11,11_12,12_13,13_14,14_15,15_16,16_17,17_18,18_19,19_20,20_21
4,2019-05-04,6_7,7_8,8_9,9_10,10_11,11_12,12_13,13_14,14_15,15_16,16_17,17_18,18_19,19_20,20_21
5,2019-05-04,6_7,7_8,8_9,9_10,10_11,11_12,12_13,13_14,14_15,15_16,16_17,17_18,18_19,19_20,20_21
1,2019-05-05,6_7,7_8,8_9,9_10,10_11,11_12,12_13,13_14,14_15,15_16,16_17,17_18,18_19,19_20,20_21
2,2019-05-05,6_7,7_8,8_9,9_10,10_11,11_12,12_13,13_14,14_15,15_16,16_17,17_18,18_19,19_20,20_21
3,2019-05-05,6_7,7_8,8_9,9_10,10_11,11_12,12_13,13_14,14_15,15_16,16_17,17_18,18_19,19_20,20_21
4,2019-05-05,6_7,7_8,8_9,9_10,10_11,11_12,12_13,13_14,14_15,15_16,16_17,17_18,18_19,19_20,20_21
5,2019-05-05,6_7,7_8,8_9,9_10,10_11,11_12,12_13,13_14,14_15,15_16,16_17,17_18,18_19,19_20,20_21
1,2019-05-06,6_7,7_8,8_9,9_10,10_11,11_12,12_13,13_14,14_15,15_16,16_17,17_18,18_19,19_20,20_21
2,2019-05-06,6_7,7_8,8_9,9_10,10_11,11_12,12_13,13_14,14_15,15_16,16_17,17_18,18_19,19_20,20_21
3,2019-05-06,6_7,7_8,8_9,9_10,10_11,11_12,12_13,13_14,14_15,15_16,16_17,17_18,18_19,19_20,20_21
4,2019-05-06,6_7,7_8,8_9,9_10,10_11,11_12,12_13,13_14,14_15,15_16,16_17,17_18,18_19,19_20,20_21
5,2019-05-06,6_7,7_8,8_9,9_10,10_11,11_12,12_13,13_14,14_15,15_16,16_17,17_18,18_19,19_20,20_21
1,2019-05-07,6_7,7_8,8_9,9_10,10_11,11_12,12_13,13_14,14_15,15_16,16_17,17_18,18_19,19_20,20_21
2,2019-05-07,6_7,7_8,8_9,9_10,10_11,11_12,12_13,13_14,14_15,15_16,16_17,17_18,18_19,19_20,20_21
3,2019-05-07,6_7,7_8,8_9,9_10,10_11,11_12,12_13,13_14,14_15,15_16,16_17,17_18,18_19,19_20,20_21
4,2019-05-07,6_7,7_8,8_9,9_10,10_11,11_12,12_13,13_14,14_15,15_16,16_17,17_18,18_19,19_20,20_21
5,2019-05-07,6_7,7_8,8_9,9_10,10_11,11_12,12_13,13_14,14_15,15_16,16_17,17_18,18_19,19_20,20_21
1,2019-05-08,6_7,7_8,8_9,9_10,10_11,11_12,12_13,13_14,14_15,15_16,16_17,17_18,18_19,19_20,20_21
2,2019-05-08,6_7,7_8,8_9,9_10,10_11,11_12,12_13,13_14,14_15,15_16,16_17,17_18,18_19,19_20,20_21
3,2019-05-08,6_7,7_8,8_9,9_10,10_11,11_12,12_13,13_14,14_15,15_16,16_17,17_18,18_19,19_20,20_21
4,2019-05-08,6_7,7_8,8_9,9_10,10_11,11_12,12_13,13_14,14_15,15_16,16_17,17_18,18_19,19_20,20_21
5,2019-05-08,6_7,7_8,8_9,9_10,10_11,11_12,12_13,13_14,14_15,15_16,16_17,17_18,18_19,19_20,20_21
1,2019-05-09,6_7,7_8,8_9,9_10,10_11,11_12,12_13,13_14,14_15,15_16,16_17,17_18,18_19,19_20,20_21
2,2019-05-09,6_7,7_8,8_9,9_10,10_11,11_12,12_13,13_14,14_15,15_16,16_17,17_18,18_19,19_20,20_21
3,2019-05-09,6_7,7_8,8_9,9_10,10_11,11_12,12_13,13_14,14_15,15_16,16_17,17_18,18_19,19_20,20_21
4,2019-05-09,6_7,7_8,8_9,9_10,10_11,11_12,12_13,13_14,14_15,15_16,16_17,17_18,18_19,19_20,20_21
5,2019-05-09,6_7,7_8,8_9,9_10,10_11,11_12,12_13,13_14,14_15,15_16,16_17,17_18,18_19,19_20,20_21
1,2019-05-10,6_7,7_8,8_9,9_10,10_11,11_12,12_13,13_14,14_15,15_16,16_17,17_18,18_19,19_20,20_21
2,2019-05-10,6_7,7_8,8_9,9_10,10_11,11_12,12_13,13_14,14_15,15_16,16_17,17_18,18_19,19_20,20_21
3,2019-05-10,6_7,7_8,8_9,9_10,10_11,11_12,12_13,13_14,14_15,15_16,16_17,17_18,18_19,19_20,20_21
4,2019-05-10,6_7,7_8,8_9,9_10,10_11,11_12,12_13,13_14,14_15,15_16,16_17,17_18,18_19,19_20,20_21
5,2019-05-10,6_7,7_8,8_9,9_10,10_11,11_12,12_13,13_14,14_15,15_16,16_17,17_18,18_19,19_20,20_21
1,2019-05-11,6_7,7_8,8_9,9_10,10_11,11_12,12_13,13_14,14_15,15_16,16_17,17_18,18_19,19_20,20_21
2,2019-05-11,6_7,7_8,8_9,9_10,10_11,11_12,12_13,13_14,14_15,15_16,16_17,17_18,18_19,19_20,20_21
3,2019-05-11,6_7,7_8,8_9,9_10,10_11,11_12,12_13,13_14,14_15,15_16,16_17,17_18,18_19,19_20,20_21
4,2019-05-11,6_7,7_8,8_9,9_10,10_11,11_12,12_13,13_14,14_15,15_16,16_17,17_18,18_19,19_20,20_21
5,2019-05-11,6_7,7_8,8_9,9_10,10_11,11_12,12_13,13_14,14_15,15_16,16_17,17_18,18_19,19_20,20_21
1,2019-05-12,6_7,7_8,8_9,9_10,10_11,11_12,12_13,13_14,14_15,15_16,16_17,17_18,18_19,19_20,20_21
2,2019-05-12,6_7,7_8,8_9,9_10,10_11,11_12,12_13,13_14,14_15,15_16,16_17,17_18,18_19,19_20,20_21
3,2019-05-12,6_7,7_8,8_9,9_10,10_11,11_12,12_13,13_14,14_15,15_16,16_17,17_18,18_19,19_20,20_21
4,2019-05-12,6_7,7_8,8_9,9_10,10_11,11_12,12_13,13_14,14_15,15_16,16_17,17_18,18_19,19_20,20_21
5,2019-05-12,6_7,7_8,8_9,9_10,10_11,11_12,12_13,13_14,14_15,15_16,16_17,17_18,18_19,19_20,20_21
1,2019-05-13,6_7,7_8,8_9,9_10,10_11,11_12,12_13,13_14,14_15,15_16,16_17,17_18,18_19,19_20,20_21
2,2019-05-13,6_7,7_8,8_9,9_10,10_11,11_12,12_13,13_14,14_15,15_16,16_17,17_18,18_19,19_20,20_21
3,2019-05-13,6_7,7_8,8_9,9_10,10_11,11_12,12_13,13_14,14_15,15_16,16_17,17_18,18_19,19_20,20_21
4,2019-05-13,6_7,7_8,8_9,9_10,10_11,11_12,12_13,13_14,14_15,15_16,16_17,17_18,18_19,19_20,20_21
5,2019-05-13,6_7,7_8,8_9,9_10,10_11,11_12,12_13,13_14,14_15,15_16,16_17,17_18,18_19,19_20,20_21
1,2019-05-14,6_7,7_8,8_9,9_10,10_11,11_12,12_13,13_14,14_15,15_16,16_17,17_18,18_19,19_20,20_21
2,2019-05-14,6_7,7_8,8_9,9_10,10_11,11_12,12_13,13_14,14_15,15_16,16_17,17_18,18_19,19_20,20_21
3,2019-05-14,6_7,7_8,8_9,9_10,10_11,11_12,12_13,13_14,14_15,15_16,16_17,17_18,18_19,19_20,20_21
4,2019-05-14,6_7,7_8,8_9,9_10,10_11,11_12,12_13,13_14,14_15,15_16,16_17,17_18,18_19,19_20,20_21
5,2019-05-14,6_7,7_8,8_9,9_10,10_11,11_12,12_13,13_14,14_15,15_16,16_17,17_18,18_19,19_20,20_21
1,2019-05-15,6_7,7_8,8_9,9_10,10_11,11_12,12_13,13_14,14_15,15_16,16_17,17_18,18_19,19_20,20_21
2,2019-05-15,6_7,7_8,8_9,9_10,10_11,11_12,12_13,13_14,14_15,15_16,16_17,17_18,18_19,19_20,20_21
3,2019-05-15,6_7,7_8,8_9,9_10,10_11,11_12,12_13,13_14,14_15,15_16,16_17,17_18,18_19,19_20,20_21
4,2019-05-15,6_7,7_8,8_9,9_10,10_11,11_12,12_13,13_14,14_15,15_16,16_17,17_18,18_19,19_20,20_21
5,2019-05-15,6_7,7_8,8_9,9_10,10_11,11_12,12_13,13_14,14_15,15_16,16_17,17_18,18_19,19_20,20_21
1,2019-05-16,6_7,7_8,8_9,9_10,10_11,11_12,12_13,13_14,14_15,15_16,16_17,17_18,18_19,19_20,20_21
2,2019-05-16,6_7,7_8,8_9,9_10,10_11,11_12,12_13,13_14,14_15,15_16,16_17,17_18,18_19,19_20,20_21
3,2019-05-16,6_7,7_8,8_9,9_10,10_11,11_12,12_13,13_14,14_15,15_16,16_17,17_18,18_19,19_20,20_21
4,2019-05-16,6_7,7_8,8_9,9_10,10_11,11_12,12_13,13_14,14_15,15_16,16_17,17_18,18_19,19_20,20_21
5,2019-05-16,6_7,7_8,8_9,9_10,10_11,11_12,12_13,13_14,14_15,15_16,16_17,17_18,18_19,19_20,20_21
1,2019-05-17,6_7,7_8,8_9,9_10,10_11,11_12,12_13,13_14,14_15,15_16,16_17,17_18,18_19,19_20,20_21
2,2019-05-17,6_7,7_8,8_9,9_10,10_11,11_12,12_13,13_14,14_15,15_16,16_17,17_18,18_19,19_20,20_21
3,2019-05-17,6_7,7_8,8_9,9_10,10_11,11_12,12_13,13_14,14_15,15_16,16_17,17_18,18_19,19_20,20_21
4,2019-05-17,6_7,7_8,8_9,9_10,10_11,11_12,12_13,13_14,14_15,15_16,16_17,17_18,18_19,19_20,20_21
5,2019-05-17,6_7,7_8,8_9,9_10,10_11,11_12,12_13,13_14,14_15,15_16,16_17,17_18,18_19,19_20,20_21
1,2019-05-18,6_7,7_8,8_9,9_10,10_11,11_12,12_13,13_14,14_15,15_16,16_17,17_18,18_19,19_20,20_21
2,2019-05-18,6_7,7_8,8_9,9_10,10_11,11_12,12_13,13_14,14_15,15_16,16_17,17_18,18_19,19_20,20_21
3,2019-05-18,6_7,7_8,8_9,9_10,10_11,11_12,12_13,13_14,14_15,15_16,16_17,17_18,18_19,19_20,20_21
4,2019-05-18,6_7,7_8,8_9,9_10,10_11,11_12,12_13,13_14,14_15,15_16,16_17,17_18,18_19,19_20,20_21
5,2019-05-18,6_7,7_8,8_9,9_10,10_11,11_12,12_13,13_14,14_15,15_16,16_17,17_18,18_19,19_20,20_21
1,2019-05-19,6_7,7_8,8_9,9_10,10_11,11_12,12_13,13_14,14_15,15_16,16_17,17_18,18_19,19_20,20_21
2,2019-05-19,6_7,7_8,8_9,9_10,10_11,11_12,12_13,13_14,14_15,15_16,16_17,17_18,18_19,19_20,20_21
3,2019-05-19,6_7,7_8,8_9,9_10,10_11,11_12,12_13,13_14,14_15,15_16,16_17,17_18,18_19,19_20,20_21
4,2019-05-19,6_7,7_8,8_9,9_10,10_11,11_12,12_13,13_14,14_15,15_16,16_17,17_18,18_19,19_20,20_21
5,2019-05-19,6_7,7_8,8_9,9_10,10_11,11_12,12_13,13_14,14_15,15_16,16_17,17_18,18_19,19_20,20_21
1,2019-05-20,6_7,7_8,8_9,9_10,10_11,11_12,12_13,13_14,14_15,15_16,16_17,17_18,18_19,19_20,20_21
2,2019-05-20,6_7,7_8,8_9,9_10,10_11,11_12,12_13,13_14,14_15,15_16,16_17,17_18,18_19,19_20,20_21
3,2019-05-20,6_7,7_8,8_9,9_10,10_11,11_12,12_13,13_14,14_15,15_16,16_17,17_18,18_19,19_20,20_21
4,2019-05-20,6_7,7_8,8_9,9_10,10_11,11_12,12_13,13_14,14_15,15_16,16_17,17_18,18_19,19_20,20_21
5,2019-05-20,6_7,7_8,8_9,9_10,10_11,11_12,12_13,13_14,14_15,15_16,16_17,17_18,18_19,19_20,20_21
1,2019-05-21,6_7,7_8,8_9,9_10,10_11,11_12,12_13,13_14,14_15,15_16,16_17,17_18,18_19,19_20,20_21
2,2019-05-21,6_7,7_8,8_9,9_10,10_11,11_12,12_13,13_14,14_15,15_16,16_17,17_18,18_19,19_20,20_21
3,2019-05-21,6_7,7_8,8_9,9_10,10_11,11_12,12_13,13_14,14_15,15_16,16_17,17_18,18_19,19_20,20_21
4,2019-05-21,6_7,7_8,8_9,9_10,10_11,11_12,12_13,13_14,14_15,15_16,16_17,17_18,18_19,19_20,20_21
5,2019-05-21,6_7,7_8,8_9,9_10,10_11,11_12,12_13,13_14,14_15,15_16,16_17,17_18,18_19,19_20,20_21
1,2019-05-22,6_7,7_8,8_9,9_10,10_11,11_12,12_13,13_14,14_15,15_16,16_17,17_18,18_19,19_20,20_21
2,2019-05-22,6_7,7_8,8_9,9_10,10_11,11_12,12_13,13_14,14_15,15_16,16_17,17_18,18_19,19_20,20_21
3,2019-05-22,6_7,7_8,8_9,9_10,10_11,11_12,12_13,13_14,14_15,15_16,16_17,17_18,18_19,19_20,20_21
4,2019-05-22,6_7,7_8,8_9,9_10,10_11,11_12,12_13,13_14,14_15,15_16,16_17,17_18,18_19,19_20,20_21
5,2019-05-22,6_7,7_8,8_9,9_10,10_11,11_12,12_13,13_14,14_15,15_16,16_17,17_18,18_19,19_20,20_21
1,2019-05-23,6_7,7_8,8_9,9_10,10_11,11_12,12_13,13_14,14_15,15_16,16_17,17_18,18_19,19_20,20_21
2,2019-05-23,6_7,7_8,8_9,9_10,10_11,11_12,12_13,13_14,14_15,15_16,16_17,17_18,18_19,19_20,20_21
3,2019-05-23,6_7,7_8,8_9,9_10,10_11,11_12,12_13,13_14,14_15,15_16,16_17,17_18,18_19,19_20,20_21
4,2019-05-23,6_7,7_8,8_9,9_10,10_11,11_12,12_13,13_14,14_15,15_16,16_17,17_18,18_19,19_20,20_21
5,2019-05-23,6_7,7_8,8_9,9_10,10_11,11_12,12_13,13_14,14_15,15_16,16_17,17_18,18_19,19_20,20_21
1,2019-05-24,6_7,7_8,8_9,9_10,10_11,11_12,12_13,13_14,14_15,15_16,16_17,17_18,18_19,19_20,20_21
2,2019-05-24,6_7,7_8,8_9,9_10,10_11,11_12,12_13,13_14,14_15,15_16,16_17,17_18,18_19,19_20,20_21
3,2019-05-24,6_7,7_8,8_9,9_10,10_11,11_12,12_13,13_14,14_15,15_16,16_17,17_18,18_19,19_20,20_21
4,2019-05-24,6_7,7_8,8_9,9_10,10_11,11_12,12_13,13_14,14_15,15_16,16_17,17_18,18_19,19_20,20_21
5,2019-05-24,6_7,7_8,8_9,9_10,10_11,11_12,12_13,13_14,14_15,15_16,16_17,17_18,18_19,19_20,20_21
1,2019-05-25,6_7,7_8,8_9,9_10,10_11,11_12,12_13,13_14,14_15,15_16,16_17,17_18,18_19,19_20,20_21
2,2019-05-25,6_7,7_8,8_9,9_10,10_11,11_12,12_13,13_14,14_15,15_16,16_17,17_18,18_19,19_20,20_21
3,2019-05-25,6_7,7_8,8_9,9_10,10_11,11_12,12_13,13_14,14_15,15_16,16_17,17_18,18_19,19_20,20_21
4,2019-05-25,6_7,7_8,8_9,9_10,10_11,11_12,12_13,13_14,14_15,15_16,16_17,17_18,18_19,19_20,20_21
5,2019-05-25,6_7,7_8,8_9,9_10,10_11,11_12,12_13,13_14,14_15,15_16,16_17,17_18,18_19,19_20,20_21
1,2019-05-26,6_7,7_8,8_9,9_10,10_11,11_12,12_13,13_14,14_15,15_16,16_17,17_18,18_19,19_20,20_21
2,2019-05-26,6_7,7_8,8_9,9_10,10_11,11_12,12_13,13_14,14_15,15_16,16_17,17_18,18_19,19_20,20_21
3,2019-05-26,6_7,7_8,8_9,9_10,10_11,11_12,12_13,13_14,14_15,15_16,16_17,17_18,18_19,19_20,20_21
4,2019-05-26,6_7,7_8,8_9,9_10,10_11,11_12,12_13,13_14,14_15,15_16,16_17,17_18,18_19,19_20,20_21
5,2019-05-26,6_7,7_8,8_9,9_10,10_11,11_12,12_13,13_14,14_15,15_16,16_17,17_18,18_19,19_20,20_21
1,2019-05-27,6_7,7_8,8_9,9_10,10_11,11_12,12_13,13_14,14_15,15_16,16_17,17_18,18_19,19_20,20_21
2,2019-05-27,6_7,7_8,8_9,9_10,10_11,11_12,12_13,13_14,14_15,15_16,16_17,17_18,18_19,19_20,20_21
3,2019-05-27,6_7,7_8,8_9,9_10,10_11,11_12,12_13,13_14,14_15,15_16,16_17,17_18,18_19,19_20,20_21
4,2019-05-27,6_7,7_8,8_9,9_10,10_11,11_12,12_13,13_14,14_15,15_16,16_17,17_18,18_19,19_20,20_21
5,2019-05-27,6_7,7_8,8_9,9_10,10_11,11_12,12_13,13_14,14_15,15_16,16_17,17_18,18_19,19_20,20_21
1,2019-05-28,6_7,7_8,8_9,9_10,10_11,11_12,12_13,13_14,14_15,15_16,16_17,17_18,18_19,19_20,20_21
2,2019-05-28,6_7,7_8,8_9,9_10,10_11,11_12,12_13,13_14,14_15,15_16,16_17,17_18,18_19,19_20,20_21
3,2019-05-28,6_7,7_8,8_9,9_10,10_11,11_12,12_13,13_14,14_15,15_16,16_17,17_18,18_19,19_20,20_21
4,2019-05-28,6_7,7_8,8_9,9_10,10_11,11_12,12_13,13_14,14_15,15_16,16_17,17_18,18_19,19_20,20_21
5,2019-05-28,6_7,7_8,8_9,9_10,10_11,11_12,12_13,13_14,14_15,15_16,16_17,17_18,18_19,19_20,20_21
1,2019-05-29,6_7,7_8,8_9,9_10,10_11,11_12,12_13,13_14,14_15,15_16,16_17,17_18,18_19,19_20,20_21
2,2019-05-29,6_7,7_8,8_9,9_10,10_11,11_12,12_13,13_14,14_15,15_16,16_17,17_18,18_19,19_20,20_21
3,2019-05-29,6_7,7_8,8_9,9_10,10_11,11_12,12_13,13_14,14_15,15_16,16_17,17_18,18_19,19_20,20_21
4,2019-05-29,6_7,7_8,8_9,9_10,10_11,11_12,12_13,13_14,14_15,15_16,16_17,17_18,18_19,19_20,20_21
5,2019-05-29,6_7,7_8,8_9,9_10,10_11,11_12,12_13,13_14,14_15,15_16,16_17,17_18,18_19,19_20,20_21
1,2019-05-30,6_7,7_8,8_9,9_10,10_11,11_12,12_13,13_14,14_15,15_16,16_17,17_18,18_19,19_20,20_21
2,2019-05-30,6_7,7_8,8_9,9_10,10_11,11_12,12_13,13_14,14_15,15_16,16_17,17_18,18_19,19_20,20_21
3,2019-05-30,6_7,7_8,8_9,9_10,10_11,11_12,12_13,13_14,14_15,15_16,16_17,17_18,18_19,19_20,20_21
4,2019-05-30,6_7,7_8,8_9,9_10,10_11,11_12,12_13,13_14,14_15,15_16,16_17,17_18,18_19,19_20,20_21
5,2019-05-30,6_7,7_8,8_9,9_10,10_11,11_12,12_13,13_14,14_15,15_16,16_17,17_18,18_19,19_20,20_21
1,2019-05-31,6_7,7_8,8_9,9_10,10_11,11_12,12_13,13_14,14_15,15_16,16_17,17_18,18_19,19_20,20_21
2,2019-05-31,6_7,7_8,8_9,9_10,10_11,11_12,12_13,13_14,14_15,15_16,16_17,17_18,18_19,19_20,20_21
3,2019-05-31,6_7,7_8,8_9,9_10,10_11,11_12,12_13,13_14,14_15,15_16,16_17,17_18,18_19,19_20,20_21
4,2019-05-31,6_7,7_8,8_9,9_10,10_11,11_12,12_13,13_14,14_15,15_16,16_17,17_18,18_19,19_20,20_21
5,2019-05-31,6_7,7_8,8_9,9_10,10_11,11_12,12_13,13_14,14_15,15_16,16_17,17_18,18_19,19_20,20_21
1,2019-06-01,6_7,7_8,8_9,9_10,10_11,11_12,12_13,13_14,14_15,15_16,16_17,17_18,18_19,19_20,20_21
2,2019-06-01,6_7,7_8,8_9,9_10,10_11,11_12,12_13,13_14,14_15,15_16,16_17,17_18,18_19,19_20,20_21
3,2019-06-01,6_7,7_8,8_9,9_10,10_11,11_12,12_13,13_14,14_15,15_16,16_17,17_18,18_19,19_20,20_21
4,2019-06-01,6_7,7_8,8_9,9_10,10_11,11_12,12_13,13_14,14_15,15_16,16_17,17_18,18_19,19_20,20_21
5,2019-06-01,6_7,7_8,8_9,9_10,10_11,11_12,12_13,13_14,14_15,15_16,16_17,17_18,18_19,19_20,20_21
1,2019-06-02,6_7,7_8,8_9,9_10,10_11,11_12,12_13,13_14,14_15,15_16,16_17,17_18,18_19,19_20,20_21
2,2019-06-02,6_7,7_8,8_9,9_10,10_11,11_12,12_13,13_14,14_15,15_16,16_17,17_18,18_19,19_20,20_21
3,2019-06-02,6_7,7_8,8_9,9_10,10_11,11_12,12_13,13_14,14_15,15_16,16_17,17_18,18_19,19_20,20_21
4,2019-06-02,6_7,7_8,8_9,9_10,10_11,11_12,12_13,13_14,14_15,15_16,16_17,17_18,18_19,19_20,20_21
5,2019-06-02,6_7,7_8,8_9,9_10,10_11,11_12,12_13,13_14,14_15,15_16,16_17,17_18,18_19,19_20,20_21
1,2019-06-03,6_7,7_8,8_9,9_10,10_11,11_12,12_13,13_14,14_15,15_16,16_17,17_18,18_19,19_20,20_21
2,2019-06-03,6_7,7_8,8_9,9_10,10_11,11_12,12_13,13_14,14_15,15_16,16_17,17_18,18_19,19_20,20_21
3,2019-06-03,6_7,7_8,8_9,9_10,10_11,11_12,12_13,13_14,14_15,15_16,16_17,17_18,18_19,19_20,20_21
4,2019-06-03,6_7,7_8,8_9,9_10,10_11,11_12,12_13,13_14,14_15,15_16,16_17,17_18,18_19,19_20,20_21
5,2019-06-03,6_7,7_8,8_9,9_10,10_11,11_12,12_13,13_14,14_15,15_16,16_17,17_18,18_19,19_20,20_21
1,2019-06-04,6_7,7_8,8_9,9_10,10_11,11_12,12_13,13_14,14_15,15_16,16_17,17_18,18_19,19_20,20_21
2,2019-06-04,6_7,7_8,8_9,9_10,10_11,11_12,12_13,13_14,14_15,15_16,16_17,17_18,18_19,19_20,20_21
3,2019-06-04,6_7,7_8,8_9,9_10,10_11,11_12,12_13,13_14,14_15,15_16,16_17,17_18,18_19,19_20,20_21
4,2019-06-04,6_7,7_8,8_9,9_10,10_11,11_12,12_13,13_14,14_15,15_16,16_17,17_18,18_19,19_20,20_21
5,2019-06-04,6_7,7_8,8_9,9_10,10_11,11_12,12_13,13_14,14_15,15_16,16_17,17_18,18_19,19_20,20_21
1,2019-06-05,6_7,7_8,8_9,9_10,10_11,11_12,12_13,13_14,14_15,15_16,16_17,17_18,18_19,19_20,20_21
2,2019-06-05,6_7,7_8,8_9,9_10,10_11,11_12,12_13,13_14,14_15,15_16,16_17,17_18,18_19,19_20,20_21
3,2019-06-05,6_7,7_8,8_9,9_10,10_11,11_12,12_13,13_14,14_15,15_16,16_17,17_18,18_19,19_20,20_21
4,2019-06-05,6_7,7_8,8_9,9_10,10_11,11_12,12_13,13_14,14_15,15_16,16_17,17_18,18_19,19_20,20_21
5,2019-06-05,6_7,7_8,8_9,9_10,10_11,11_12,12_13,13_14,14_15,15_16,16_17,17_18,18_19,19_20,20_21
1,2019-06-06,6_7,7_8,8_9,9_10,10_11,11_12,12_13,13_14,14_15,15_16,16_17,17_18,18_19,19_20,20_21
2,2019-06-06,6_7,7_8,8_9,9_10,10_11,11_12,12_13,13_14,14_15,15_16,16_17,17_18,18_19,19_20,20_21
3,2019-06-06,6_7,7_8,8_9,9_10,10_11,11_12,12_13,13_14,14_15,15_16,16_17,17_18,18_19,19_20,20_21
4,2019-06-06,6_7,7_8,8_9,9_10,10_11,11_12,12_13,13_14,14_15,15_16,16_17,17_18,18_19,19_20,20_21
5,2019-06-06,6_7,7_8,8_9,9_10,10_11,11_12,12_13,13_14,14_15,15_16,16_17,17_18,18_19,19_20,20_21
1,2019-06-07,6_7,7_8,8_9,9_10,10_11,11_12,12_13,13_14,14_15,15_16,16_17,17_18,18_19,19_20,20_21
2,2019-06-07,6_7,7_8,8_9,9_10,10_11,11_12,12_13,13_14,14_15,15_16,16_17,17_18,18_19,19_20,20_21
3,2019-06-07,6_7,7_8,8_9,9_10,10_11,11_12,12_13,13_14,14_15,15_16,16_17,17_18,18_19,19_20,20_21
4,2019-06-07,6_7,7_8,8_9,9_10,10_11,11_12,12_13,13_14,14_15,15_16,16_17,17_18,18_19,19_20,20_21
5,2019-06-07,6_7,7_8,8_9,9_10,10_11,11_12,12_13,13_14,14_15,15_16,16_17,17_18,18_19,19_20,20_21
1,2019-06-08,6_7,7_8,8_9,9_10,10_11,11_12,12_13,13_14,14_15,15_16,16_17,17_18,18_19,19_20,20_21
2,2019-06-08,6_7,7_8,8_9,9_10,10_11,11_12,12_13,13_14,14_15,15_16,16_17,17_18,18_19,19_20,20_21
3,2019-06-08,6_7,7_8,8_9,9_10,10_11,11_12,12_13,13_14,14_15,15_16,16_17,17_18,18_19,19_20,20_21
4,2019-06-08,6_7,7_8,8_9,9_10,10_11,11_12,12_13,13_14,14_15,15_16,16_17,17_18,18_19,19_20,20_21
5,2019-06-08,6_7,7_8,8_9,9_10,10_11,11_12,12_13,13_14,14_15,15_16,16_17,17_18,18_19,19_20,20_21
1,2019-06-09,6_7,7_8,8_9,9_10,10_11,11_12,12_13,13_14,14_15,15_16,16_17,17_18,18_19,19_20,20_21
2,2019-06-09,6_7,7_8,8_9,9_10,10_11,11_12,12_13,13_14,14_15,15_16,16_17,17_18,18_19,19_20,20_21
3,2019-06-09,6_7,7_8,8_9,9_10,10_11,11_12,12_13,13_14,14_15,15_16,16_17,17_18,18_19,19_20,20_21
4,2019-06-09,6_7,7_8,8_9,9_10,10_11,11_12,12_13,13_14,14_15,15_16,16_17,17_18,18_19,19_20,20_21
5,2019-06-09,6_7,7_8,8_9,9_10,10_11,11_12,12_13,13_14,14_15,15_16,16_17,17_18,18_19,19_20,20_21
1,2019-06-10,6_7,7_8,8_9,9_10,10_11,11_12,12_13,13_14,14_15,15_16,16_17,17_18,18_19,19_20,20_21
2,2019-06-10,6_7,7_8,8_9,9_10,10_11,11_12,12_13,13_14,14_15,15_16,16_17,17_18,18_19,19_20,20_21
3,2019-06-10,6_7,7_8,8_9,9_10,10_11,11_12,12_13,13_14,14_15,15_16,16_17,17_18,18_19,19_20,20_21
4,2019-06-10,6_7,7_8,8_9,9_10,10_11,11_12,12_13,13_14,14_15,15_16,16_17,17_18,18_19,19_20,20_21
5,2019-06-10,6_7,7_8,8_9,9_10,10_11,11_12,12_13,13_14,14_15,15_16,16_17,17_18,18_19,19_20,20_21
1,2019-06-11,6_7,7_8,8_9,9_10,10_11,11_12,12_13,13_14,14_15,15_16,16_17,17_18,18_19,19_20,20_21
2,2019-06-11,6_7,7_8,8_9,9_10,10_11,11_12,12_13,13_14,14_15,15_16,16_17,17_18,18_19,19_20,20_21
3,2019-06-11,6_7,7_8,8_9,9_10,10_11,11_12,12_13,13_14,14_15,15_16,16_17,17_18,18_19,19_20,20_21
4,2019-06-11,6_7,7_8,8_9,9_10,10_11,11_12,12_13,13_14,14_15,15_16,16_17,17_18,18_19,19_20,20_21
5,2019-06-11,6_7,7_8,8_9,9_10,10_11,11_12,12_13,13_14,14_15,15_16,16_17,17_18,18_19,19_20,20_21
1,2019-06-12,6_7,7_8,8_9,9_10,10_11,11_12,12_13,13_14,14_15,15_16,16_17,17_18,18_19,19_20,20_21
2,2019-06-12,6_7,7_8,8_9,9_10,10_11,11_12,12_13,13_14,14_15,15_16,16_17,17_18,18_19,19_20,20_21
3,2019-06-12,6_7,7_8,8_9,9_10,10_11,11_12,12_13,13_14,14_15,15_16,16_17,17_18,18_19,19_20,20_21
4,2019-06-12,6_7,7_8,8_9,9_10,10_11,11_12,12_13,13_14,14_15,15_16,16_17,17_18,18_19,19_20,20_21
5,2019-06-12,6_7,7_8,8_9,9_10,10_11,11_12,12_13,13_14,14_15,15_16,16_17,17_18,18_19,19_20,20_21
1,2019-06-13,6_7,7_8,8_9,9_10,10_11,11_12,12_13,13_14,14_15,15_16,16_17,17_18,18_19,19_20,20_21
2,2019-06-13,6_7,7_8,8_9,9_10,10_11,11_12,12_13,13_14,14_15,15_16,16_17,17_18,18_19,19_20,20_21
3,2019-06-13,6_7,7_8,8_9,9_10,10_11,11_12,12_13,13_14,14_15,15_16,16_17,17_18,18_19,19_20,20_21
4,2019-06-13,6_7,7_8,8_9,9_10,10_11,11_12,12_13,13_14,14_15,15_16,16_17,17_18,18_19,19_20,20_21
5,2019-06-13,6_7,7_8,8_9,9_10,10_11,11_12,12_13,13_14,14_15,15_16,16_17,17_18,18_19,19_20,20_21
1,2019-06-14,6_7,7_8,8_9,9_10,10_11,11_12,12_13,13_14,14_15,15_16,16_17,17_18,18_19,19_20,20_21
2,2019-06-14,6_7,7_8,8_9,9_10,10_11,11_12,12_13,13_14,14_15,15_16,16_17,17_18,18_19,19_20,20_21
3,2019-06-14,6_7,7_8,8_9,9_10,10_11,11_12,12_13,13_14,14_15,15_16,16_17,17_18,18_19,19_20,20_21
4,2019-06-14,6_7,7_8,8_9,9_10,10_11,11_12,12_13,13_14,14_15,15_16,16_17,17_18,18_19,19_20,20_21
5,2019-06-14,6_7,7_8,8_9,9_10,10_11,11_12,12_13,13_14,14_15,15_16,16_17,17_18,18_19,19_20,20_21
1,2019-06-15,6_7,7_8,8_9,9_10,10_11,11_12,12_13,13_14,14_15,15_16,16_17,17_18,18_19,19_20,20_21
2,2019-06-15,6_7,7_8,8_9,9_10,10_11,11_12,12_13,13_14,14_15,15_16,16_17,17_18,18_19,19_20,20_21
3,2019-06-15,6_7,7_8,8_9,9_10,10_11,11_12,12_13,13_14,14_15,15_16,16_17,17_18,18_19,19_20,20_21
4,2019-06-15,6_7,7_8,8_9,9_10,10_11,11_12,12_13,13_14,14_15,15_16,16_17,17_18,18_19,19_20,20_21
5,2019-06-15,6_7,7_8,8_9,9_10,10_11,11_12,12_13,13_14,14_15,15_16,16_17,17_18,18_19,19_20,20_21
1,2019-06-16,6_7,7_8,8_9,9_10,10_11,11_12,12_13,13_14,14_15,15_16,16_17,17_18,18_19,19_20,20_21
2,2019-06-16,6_7,7_8,8_9,9_10,10_11,11_12,12_13,13_14,14_15,15_16,16_17,17_18,18_19,19_20,20_21
3,2019-06-16,6_7,7_8,8_9,9_10,10_11,11_12,12_13,13_14,14_15,15_16,16_17,17_18,18_19,19_20,20_21
4,2019-06-16,6_7,7_8,8_9,9_10,10_11,11_12,12_13,13_14,14_15,15_16,16_17,17_18,18_19,19_20,20_21
5,2019-06-16,6_7,7_8,8_9,9_10,10_11,11_12,12_13,13_14,14_15,15_16,16_17,17_18,18_19,19_20,20_21
1,2019-06-17,6_7,7_8,8_9,9_10,10_11,11_12,12_13,13_14,14_15,15_16,16_17,17_18,18_19,19_20,20_21
2,2019-06-17,6_7,7_8,8_9,9_10,10_11,11_12,12_13,13_14,14_15,15_16,16_17,17_18,18_19,19_20,20_21
3,2019-06-17,6_7,7_8,8_9,9_10,10_11,11_12,12_13,13_14,14_15,15_16,16_17,17_18,18_19,19_20,20_21
4,2019-06-17,6_7,7_8,8_9,9_10,10_11,11_12,12_13,13_14,14_15,15_16,16_17,17_18,18_19,19_20,20_21
5,2019-06-17,6_7,7_8,8_9,9_10,10_11,11_12,12_13,13_14,14_15,15_16,16_17,17_18,18_19,19_20,20_21
1,2019-06-18,6_7,7_8,8_9,9_10,10_11,11_12,12_13,13_14,14_15,15_16,16_17,17_18,18_19,19_20,20_21
2,2019-06-18,6_7,7_8,8_9,9_10,10_11,11_12,12_13,13_14,14_15,15_16,16_17,17_18,18_19,19_20,20_21
3,2019-06-18,6_7,7_8,8_9,9_10,10_11,11_12,12_13,13_14,14_15,15_16,16_17,17_18,18_19,19_20,20_21
4,2019-06-18,6_7,7_8,8_9,9_10,10_11,11_12,12_13,13_14,14_15,15_16,16_17,17_18,18_19,19_20,20_21
5,2019-06-18,6_7,7_8,8_9,9_10,10_11,11_12,12_13,13_14,14_15,15_16,16_17,17_18,18_19,19_20,20_21
1,2019-06-19,6_7,7_8,8_9,9_10,10_11,11_12,12_13,13_14,14_15,15_16,16_17,17_18,18_19,19_20,20_21
2,2019-06-19,6_7,7_8,8_9,9_10,10_11,11_12,12_13,13_14,14_15,15_16,16_17,17_18,18_19,19_20,20_21
3,2019-06-19,6_7,7_8,8_9,9_10,10_11,11_12,12_13,13_14,14_15,15_16,16_17,17_18,18_19,19_20,20_21
4,2019-06-19,6_7,7_8,8_9,9_10,10_11,11_12,12_13,13_14,14_15,15_16,16_17,17_18,18_19,19_20,20_21
5,2019-06-19,6_7,7_8,8_9,9_10,10_11,11_12,12_13,13_14,14_15,15_16,16_17,17_18,18_19,19_20,20_21
1,2019-06-20,6_7,7_8,8_9,9_10,10_11,11_12,12_13,13_14,14_15,15_16,16_17,17_18,18_19,19_20,20_21
2,2019-06-20,6_7,7_8,8_9,9_10,10_11,11_12,12_13,13_14,14_15,15_16,16_17,17_18,18_19,19_20,20_21
3,2019-06-20,6_7,7_8,8_9,9_10,10_11,11_12,12_13,13_14,14_15,15_16,16_17,17_18,18_19,19_20,20_21
4,2019-06-20,6_7,7_8,8_9,9_10,10_11,11_12,12_13,13_14,14_15,15_16,16_17,17_18,18_19,19_20,20_21
5,2019-06-20,6_7,7_8,8_9,9_10,10_11,11_12,12_13,13_14,14_15,15_16,16_17,17_18,18_19,19_20,20_21
1,2019-06-21,6_7,7_8,8_9,9_10,10_11,11_12,12_13,13_14,14_15,15_16,16_17,17_18,18_19,19_20,20_21
2,2019-06-21,6_7,7_8,8_9,9_10,10_11,11_12,12_13,13_14,14_15,15_16,16_17,17_18,18_19,19_20,20_21
3,2019-06-21,6_7,7_8,8_9,9_10,10_11,11_12,12_13,13_14,14_15,15_16,16_17,17_18,18_19,19_20,20_21
4,2019-06-21,6_7,7_8,8_9,9_10,10_11,11_12,12_13,13_14,14_15,15_16,16_17,17_18,18_19,19_20,20_21
5,2019-06-21,6_7,7_8,8_9,9_10,10_11,11_12,12_13,13_14,14_15,15_16,16_17,17_18,18_19,19_20,20_21
1,2019-06-22,6_7,7_8,8_9,9_10,10_11,11_12,12_13,13_14,14_15,15_16,16_17,17_18,18_19,19_20,20_21
2,2019-06-22,6_7,7_8,8_9,9_10,10_11,11_12,12_13,13_14,14_15,15_16,16_17,17_18,18_19,19_20,20_21
3,2019-06-22,6_7,7_8,8_9,9_10,10_11,11_12,12_13,13_14,14_15,15_16,16_17,17_18,18_19,19_20,20_21
4,2019-06-22,6_7,7_8,8_9,9_10,10_11,11_12,12_13,13_14,14_15,15_16,16_17,17_18,18_19,19_20,20_21
5,2019-06-22,6_7,7_8,8_9,9_10,10_11,11_12,12_13,13_14,14_15,15_16,16_17,17_18,18_19,19_20,20_21
1,2019-06-23,6_7,7_8,8_9,9_10,10_11,11_12,12_13,13_14,14_15,15_16,16_17,17_18,18_19,19_20,20_21
2,2019-06-23,6_7,7_8,8_9,9_10,10_11,11_12,12_13,13_14,14_15,15_16,16_17,17_18,18_19,19_20,20_21
3,2019-06-23,6_7,7_8,8_9,9_10,10_11,11_12,12_13,13_14,14_15,15_16,16_17,17_18,18_19,19_20,20_21
4,2019-06-23,6_7,7_8,8_9,9_10,10_11,11_12,12_13,13_14,14_15,15_16,16_17,17_18,18_19,19_20,20_21
5,2019-06-23,6_7,7_8,8_9,9_10,10_11,11_12,12_13,13_14,14_15,15_16,16_17,17_18,18_19,19_20,20_21
1,2019-06-24,6_7,7_8,8_9,9_10,10_11,11_12,12_13,13_14,14_15,15_16,16_17,17_18,18_19,19_20,20_21
2,2019-06-24,6_7,7_8,8_9,9_10,10_11,11_12,12_13,13_14,14_15,15_16,16_17,17_18,18_19,19_20,20_21
3,2019-06-24,6_7,7_8,8_9,9_10,10_11,11_12,12_13,13_14,14_15,15_16,16_17,17_18,18_19,19_20,20_21
4,2019-06-24,6_7,7_8,8_9,9_10,10_11,11_12,12_13,13_14,14_15,15_16,16_17,17_18,18_19,19_20,20_21
5,2019-06-24,6_7,7_8,8_9,9_10,10_11,11_12,12_13,13_14,14_15,15_16,16_17,17_18,18_19,19_20,20_21
1,2019-06-25,6_7,7_8,8_9,9_10,10_11,11_12,12_13,13_14,14_15,15_16,16_17,17_18,18_19,19_20,20_21
2,2019-06-25,6_7,7_8,8_9,9_10,10_11,11_12,12_13,13_14,14_15,15_16,16_17,17_18,18_19,19_20,20_21
3,2019-06-25,6_7,7_8,8_9,9_10,10_11,11_12,12_13,13_14,14_15,15_16,16_17,17_18,18_19,19_20,20_21
4,2019-06-25,6_7,7_8,8_9,9_10,10_11,11_12,12_13,13_14,14_15,15_16,16_17,17_18,18_19,19_20,20_21
5,2019-06-25,6_7,7_8,8_9,9_10,10_11,11_12,12_13,13_14,14_15,15_16,16_17,17_18,18_19,19_20,20_21
1,2019-06-26,6_7,7_8,8_9,9_10,10_11,11_12,12_13,13_14,14_15,15_16,16_17,17_18,18_19,19_20,20_21
2,2019-06-26,6_7,7_8,8_9,9_10,10_11,11_12,12_13,13_14,14_15,15_16,16_17,17_18,18_19,19_20,20_21
3,2019-06-26,6_7,7_8,8_9,9_10,10_11,11_12,12_13,13_14,14_15,15_16,16_17,17_18,18_19,19_20,20_21
4,2019-06-26,6_7,7_8,8_9,9_10,10_11,11_12,12_13,13_14,14_15,15_16,16_17,17_18,18_19,19_20,20_21
5,2019-06-26,6_7,7_8,8_9,9_10,10_11,11_12,12_13,13_14,14_15,15_16,16_17,17_18,18_19,19_20,20_21
1,2019-06-27,6_7,7_8,8_9,9_10,10_11,11_12,12_13,13_14,14_15,15_16,16_17,17_18,18_19,19_20,20_21
2,2019-06-27,6_7,7_8,8_9,9_10,10_11,11_12,12_13,13_14,14_15,15_16,16_17,17_18,18_19,19_20,20_21
3,2019-06-27,6_7,7_8,8_9,9_10,10_11,11_12,12_13,13_14,14_15,15_16,16_17,17_18,18_19,19_20,20_21
4,2019-06-27,6_7,7_8,8_9,9_10,10_11,11_12,12_13,13_14,14_15,15_16,16_17,17_18,18_19,19_20,20_21
5,2019-06-27,6_7,7_8,8_9,9_10,10_11,11_12,12_13,13_14,14_15,15_16,16_17,17_18,18_19,19_20,20_21
1,2019-06-28,6_7,7_8,8_9,9_10,10_11,11_12,12_13,13_14,14_15,15_16,16_17,17_18,18_19,19_20,20_21
2,2019-06-28,6_7,7_8,8_9,9_10,10_11,11_12,12_13,13_14,14_15,15_16,16_17,17_18,18_19,19_20,20_21
3,2019-06-28,6_7,7_8,8_9,9_10,10_11,11_12,12_13,13_14,14_15,15_16,16_17,17_18,18_19,19_20,20_21
4,2019-06-28,6_7,7_8,8_9,9_10,10_11,11_12,12_13,13_14,14_15,15_16,16_17,17_18,18_19,19_20,20_21
5,2019-06-28,6_7,7_8,8_9,9_10,10_11,11_12,12_13,13_14,14_15,15_16,16_17,17_18,18_19,19_20,20_21
1,2019-06-29,6_7,7_8,8_9,9_10,10_11,11_12,12_13,13_14,14_15,15_16,16_17,17_18,18_19,19_20,20_21
2,2019-06-29,6_7,7_8,8_9,9_10,10_11,11_12,12_13,13_14,14_15,15_16,16_17,17_18,18_19,19_20,20_21
3,2019-06-29,6_7,7_8,8_9,9_10,10_11,11_12,12_13,13_14,14_15,15_16,16_17,17_18,18_19,19_20,20_21
4,2019-06-29,6_7,7_8,8_9,9_10,10_11,11_12,12_13,13_14,14_15,15_16,16_17,17_18,18_19,19_20,20_21
5,2019-06-29,6_7,7_8,8_9,9_10,10_11,11_12,12_13,13_14,14_15,15_16,16_17,17_18,18_19,19_20,20_21
1,2019-06-30,6_7,7_8,8_9,9_10,10_11,11_12,12_13,13_14,14_15,15_16,16_17,17_18,18_19,19_20,20_21
2,2019-06-30,6_7,7_8,8_9,9_10,10_11,11_12,12_13,13_14,14_15,15_16,16_17,17_18,18_19,19_20,20_21
3,2019-06-30,6_7,7_8,8_9,9_10,10_11,11_12,12_13,13_14,14_15,15_16,16_17,17_18,18_19,19_20,20_21
4,2019-06-30,6_7,7_8,8_9,9_10,10_11,11_12,12_13,13_14,14_15,15_16,16_17,17_18,18_19,19_20,20_21
5,2019-06-30,6_7,7_8,8_9,9_10,10_11,11_12,12_13,13_14,14_15,15_16,16_17,17_18,18_19,19_20,20_21
1,2019-07-01,6_7,7_8,8_9,9_10,10_11,11_12,12_13,13_14,14_15,15_16,16_17,17_18,18_19,19_20,20_21
2,2019-07-01,6_7,7_8,8_9,9_10,10_11,11_12,12_13,13_14,14_15,15_16,16_17,17_18,18_19,19_20,20_21
3,2019-07-01,6_7,7_8,8_9,9_10,10_11,11_12,12_13,13_14,14_15,15_16,16_17,17_18,18_19,19_20,20_21
4,2019-07-01,6_7,7_8,8_9,9_10,10_11,11_12,12_13,13_14,14_15,15_16,16_17,17_18,18_19,19_20,20_21
5,2019-07-01,6_7,7_8,8_9,9_10,10_11,11_12,12_13,13_14,14_15,15_16,16_17,17_18,18_19,19_20,20_21
1,2019-07-02,6_7,7_8,8_9,9_10,10_11,11_12,12_13,13_14,14_15,15_16,16_17,17_18,18_19,19_20,20_21
2,2019-07-02,6_7,7_8,8_9,9_10,10_11,11_12,12_13,13_14,14_15,15_16,16_17,17_18,18_19,19_20,20_21
3,2019-07-02,6_7,7_8,8_9,9_10,10_11,11_12,12_13,13_14,14_15,15_16,16_17,17_18,18_19,19_20,20_21
4,2019-07-02,6_7,7_8,8_9,9_10,10_11,11_12,12_13,13_14,14_15,15_16,16_17,17_18,18_19,19_20,20_21
5,2019-07-02,6_7,7_8,8_9,9_10,10_11,11_12,12_13,13_14,14_15,15_16,16_17,17_18,18_19,19_20,20_21
1,2019-07-03,6_7,7_8,8_9,9_10,10_11,11_12,12_13,13_14,14_15,15_16,16_17,17_18,18_19,19_20,20_21
2,2019-07-03,6_7,7_8,8_9,9_10,10_11,11_12,12_13,13_14,14_15,15_16,16_17,17_18,18_19,19_20,20_21
3,2019-07-03,6_7,7_8,8_9,9_10,10_11,11_12,12_13,13_14,14_15,15_16,16_17,17_18,18_19,19_20,20_21
4,2019-07-03,6_7,7_8,8_9,9_10,10_11,11_12,12_13,13_14,14_15,15_16,16_17,17_18,18_19,19_20,20_21
5,2019-07-03,6_7,7_8,8_9,9_10,10_11,11_12,12_13,13_14,14_15,15_16,16_17,17_18,18_19,19_20,20_21
1,2019-07-04,6_7,7_8,8_9,9_10,10_11,11_12,12_13,13_14,14_15,15_16,16_17,17_18,18_19,19_20,20_21
2,2019-07-04,6_7,7_8,8_9,9_10,10_11,11_12,12_13,13_14,14_15,15_16,16_17,17_18,18_19,19_20,20_21
3,2019-07-04,6_7,7_8,8_9,9_10,10_11,11_12,12_13,13_14,14_15,15_16,16_17,17_18,18_19,19_20,20_21
4,2019-07-04,6_7,7_8,8_9,9_10,10_11,11_12,12_13,13_14,14_15,15_16,16_17,17_18,18_19,19_20,20_21
5,2019-07-04,6_7,7_8,8_9,9_10,10_11,11_12,12_13,13_14,14_15,15_16,16_17,17_18,18_19,19_20,20_21
1,2019-07-05,6_7,7_8,8_9,9_10,10_11,11_12,12_13,13_14,14_15,15_16,16_17,17_18,18_19,19_20,20_21
2,2019-07-05,6_7,7_8,8_9,9_10,10_11,11_12,12_13,13_14,14_15,15_16,16_17,17_18,18_19,19_20,20_21
3,2019-07-05,6_7,7_8,8_9,9_10,10_11,11_12,12_13,13_14,14_15,15_16,16_17,17_18,18_19,19_20,20_21
4,2019-07-05,6_7,7_8,8_9,9_10,10_11,11_12,12_13,13_14,14_15,15_16,16_17,17_18,18_19,19_20,20_21
5,2019-07-05,6_7,7_8,8_9,9_10,10_11,11_12,12_13,13_14,14_15,15_16,16_17,17_18,18_19,19_20,20_21
1,2019-07-06,6_7,7_8,8_9,9_10,10_11,11_12,12_13,13_14,14_15,15_16,16_17,17_18,18_19,19_20,20_21
2,2019-07-06,6_7,7_8,8_9,9_10,10_11,11_12,12_13,13_14,14_15,15_16,16_17,17_18,18_19,19_20,20_21
3,2019-07-06,6_7,7_8,8_9,9_10,10_11,11_12,12_13,13_14,14_15,15_16,16_17,17_18,18_19,19_20,20_21
4,2019-07-06,6_7,7_8,8_9,9_10,10_11,11_12,12_13,13_14,14_15,15_16,16_17,17_18,18_19,19_20,20_21
5,2019-07-06,6_7,7_8,8_9,9_10,10_11,11_12,12_13,13_14,14_15,15_16,16_17,17_18,18_19,19_20,20_21
1,2019-07-07,6_7,7_8,8_9,9_10,10_11,11_12,12_13,13_14,14_15,15_16,16_17,17_18,18_19,19_20,20_21
2,2019-07-07,6_7,7_8,8_9,9_10,10_11,11_12,12_13,13_14,14_15,15_16,16_17,17_18,18_19,19_20,20_21
3,2019-07-07,6_7,7_8,8_9,9_10,10_11,11_12,12_13,13_14,14_15,15_16,16_17,17_18,18_19,19_20,20_21
4,2019-07-07,6_7,7_8,8_9,9_10,10_11,11_12,12_13,13_14,14_15,15_16,16_17,17_18,18_19,19_20,20_21
5,2019-07-07,6_7,7_8,8_9,9_10,10_11,11_12,12_13,13_14,14_15,15_16,16_17,17_18,18_19,19_20,20_21
1,2019-07-08,6_7,7_8,8_9,9_10,10_11,11_12,12_13,13_14,14_15,15_16,16_17,17_18,18_19,19_20,20_21
2,2019-07-08,6_7,7_8,8_9,9_10,10_11,11_12,12_13,13_14,14_15,15_16,16_17,17_18,18_19,19_20,20_21
3,2019-07-08,6_7,7_8,8_9,9_10,10_11,11_12,12_13,13_14,14_15,15_16,16_17,17_18,18_19,19_20,20_21
4,2019-07-08,6_7,7_8,8_9,9_10,10_11,11_12,12_13,13_14,14_15,15_16,16_17,17_18,18_19,19_20,20_21
5,2019-07-08,6_7,7_8,8_9,9_10,10_11,11_12,12_13,13_14,14_15,15_16,16_17,17_18,18_19,19_20,20_21
1,2019-07-09,6_7,7_8,8_9,9_10,10_11,11_12,12_13,13_14,14_15,15_16,16_17,17_18,18_19,19_20,20_21
2,2019-07-09,6_7,7_8,8_9,9_10,10_11,11_12,12_13,13_14,14_15,15_16,16_17,17_18,18_19,19_20,20_21
3,2019-07-09,6_7,7_8,8_9,9_10,10_11,11_12,12_13,13_14,14_15,15_16,16_17,17_18,18_19,19_20,20_21
4,2019-07-09,6_7,7_8,8_9,9_10,10_11,11_12,12_13,13_14,14_15,15_16,16_17,17_18,18_19,19_20,20_21
5,2019-07-09,6_7,7_8,8_9,9_10,10_11,11_12,12_13,13_14,14_15,15_16,16_17,17_18,18_19,19_20,20_21
1,2019-07-10,6_7,7_8,8_9,9_10,10_11,11_12,12_13,13_14,14_15,15_16,16_17,17_18,18_19,19_20,20_21
2,2019-07-10,6_7,7_8,8_9,9_10,10_11,11_12,12_13,13_14,14_15,15_16,16_17,17_18,18_19,19_20,20_21
3,2019-07-10,6_7,7_8,8_9,9_10,10_11,11_12,12_13,13_14,14_15,15_16,16_17,17_18,18_19,19_20,20_21
4,2019-07-10,6_7,7_8,8_9,9_10,10_11,11_12,12_13,13_14,14_15,15_16,16_17,17_18,18_19,19_20,20_21
5,2019-07-10,6_7,7_8,8_9,9_10,10_11,11_12,12_13,13_14,14_15,15_16,16_17,17_18,18_19,19_20,20_21
1,2019-07-11,6_7,7_8,8_9,9_10,10_11,11_12,12_13,13_14,14_15,15_16,16_17,17_18,18_19,19_20,20_21
2,2019-07-11,6_7,7_8,8_9,9_10,10_11,11_12,12_13,13_14,14_15,15_16,16_17,17_18,18_19,19_20,20_21
3,2019-07-11,6_7,7_8,8_9,9_10,10_11,11_12,12_13,13_14,14_15,15_16,16_17,17_18,18_19,19_20,20_21
4,2019-07-11,6_7,7_8,8_9,9_10,10_11,11_12,12_13,13_14,14_15,15_16,16_17,17_18,18_19,19_20,20_21
5,2019-07-11,6_7,7_8,8_9,9_10,10_11,11_12,12_13,13_14,14_15,15_16,16_17,17_18,18_19,19_20,20_21
1,2019-07-12,6_7,7_8,8_9,9_10,10_11,11_12,12_13,13_14,14_15,15_16,16_17,17_18,18_19,19_20,20_21
2,2019-07-12,6_7,7_8,8_9,9_10,10_11,11_12,12_13,13_14,14_15,15_16,16_17,17_18,18_19,19_20,20_21
3,2019-07-12,6_7,7_8,8_9,9_10,10_11,11_12,12_13,13_14,14_15,15_16,16_17,17_18,18_19,19_20,20_21
4,2019-07-12,6_7,7_8,8_9,9_10,10_11,11_12,12_13,13_14,14_15,15_16,16_17,17_18,18_19,19_20,20_21
5,2019-07-12,6_7,7_8,8_9,9_10,10_11,11_12,12_13,13_14,14_15,15_16,16_17,17_18,18_19,19_20,20_21
1,2019-07-13,6_7,7_8,8_9,9_10,10_11,11_12,12_13,13_14,14_15,15_16,16_17,17_18,18_19,19_20,20_21
2,2019-07-13,6_7,7_8,8_9,9_10,10_11,11_12,12_13,13_14,14_15,15_16,16_17,17_18,18_19,19_20,20_21
3,2019-07-13,6_7,7_8,8_9,9_10,10_11,11_12,12_13,13_14,14_15,15_16,16_17,17_18,18_19,19_20,20_21
4,2019-07-13,6_7,7_8,8_9,9_10,10_11,11_12,12_13,13_14,14_15,15_16,16_17,17_18,18_19,19_20,20_21
5,2019-07-13,6_7,7_8,8_9,9_10,10_11,11_12,12_13,13_14,14_15,15_16,16_17,17_18,18_19,19_20,20_21
1,2019-07-14,6_7,7_8,8_9,9_10,10_11,11_12,12_13,13_14,14_15,15_16,16_17,17_18,18_19,19_20,20_21
2,2019-07-14,6_7,7_8,8_9,9_10,10_11,11_12,12_13,13_14,14_15,15_16,16_17,17_18,18_19,19_20,20_21
3,2019-07-14,6_7,7_8,8_9,9_10,10_11,11_12,12_13,13_14,14_15,15_16,16_17,17_18,18_19,19_20,20_21
4,2019-07-14,6_7,7_8,8_9,9_10,10_11,11_12,12_13,13_14,14_15,15_16,16_17,17_18,18_19,19_20,20_21
5,2019-07-14,6_7,7_8,8_9,9_10,10_11,11_12,12_13,13_14,14_15,15_16,16_17,17_18,18_19,19_20,20_21
1,2019-07-15,6_7,7_8,8_9,9_10,10_11,11_12,12_13,13_14,14_15,15_16,16_17,17_18,18_19,19_20,20_21
2,2019-07-15,6_7,7_8,8_9,9_10,10_11,11_12,12_13,13_14,14_15,15_16,16_17,17_18,18_19,19_20,20_21
3,2019-07-15,6_7,7_8,8_9,9_10,10_11,11_12,12_13,13_14,14_15,15_16,16_17,17_18,18_19,19_20,20_21
4,2019-07-15,6_7,7_8,8_9,9_10,10_11,11_12,12_13,13_14,14_15,15_16,16_17,17_18,18_19,19_20,20_21
5,2019-07-15,6_7,7_8,8_9,9_10,10_11,11_12,12_13,13_14,14_15,15_16,16_17,17_18,18_19,19_20,20_21
1,2019-07-16,6_7,7_8,8_9,9_10,10_11,11_12,12_13,13_14,14_15,15_16,16_17,17_18,18_19,19_20,20_21
2,2019-07-16,6_7,7_8,8_9,9_10,10_11,11_12,12_13,13_14,14_15,15_16,16_17,17_18,18_19,19_20,20_21
3,2019-07-16,6_7,7_8,8_9,9_10,10_11,11_12,12_13,13_14,14_15,15_16,16_17,17_18,18_19,19_20,20_21
4,2019-07-16,6_7,7_8,8_9,9_10,10_11,11_12,12_13,13_14,14_15,15_16,16_17,17_18,18_19,19_20,20_21
5,2019-07-16,6_7,7_8,8_9,9_10,10_11,11_12,12_13,13_14,14_15,15_16,16_17,17_18,18_19,19_20,20_21
1,2019-07-17,6_7,7_8,8_9,9_10,10_11,11_12,12_13,13_14,14_15,15_16,16_17,17_18,18_19,19_20,20_21
2,2019-07-17,6_7,7_8,8_9,9_10,10_11,11_12,12_13,13_14,14_15,15_16,16_17,17_18,18_19,19_20,20_21
3,2019-07-17,6_7,7_8,8_9,9_10,10_11,11_12,12_13,13_14,14_15,15_16,16_17,17_18,18_19,19_20,20_21
4,2019-07-17,6_7,7_8,8_9,9_10,10_11,11_12,12_13,13_14,14_15,15_16,16_17,17_18,18_19,19_20,20_21
5,2019-07-17,6_7,7_8,8_9,9_10,10_11,11_12,12_13,13_14,14_15,15_16,16_17,17_18,18_19,19_20,20_21
1,2019-07-18,6_7,7_8,8_9,9_10,10_11,11_12,12_13,13_14,14_15,15_16,16_17,17_18,18_19,19_20,20_21
2,2019-07-18,6_7,7_8,8_9,9_10,10_11,11_12,12_13,13_14,14_15,15_16,16_17,17_18,18_19,19_20,20_21
3,2019-07-18,6_7,7_8,8_9,9_10,10_11,11_12,12_13,13_14,14_15,15_16,16_17,17_18,18_19,19_20,20_21
4,2019-07-18,6_7,7_8,8_9,9_10,10_11,11_12,12_13,13_14,14_15,15_16,16_17,17_18,18_19,19_20,20_21
5,2019-07-18,6_7,7_8,8_9,9_10,10_11,11_12,12_13,13_14,14_15,15_16,16_17,17_18,18_19,19_20,20_21
1,2019-07-19,6_7,7_8,8_9,9_10,10_11,11_12,12_13,13_14,14_15,15_16,16_17,17_18,18_19,19_20,20_21
2,2019-07-19,6_7,7_8,8_9,9_10,10_11,11_12,12_13,13_14,14_15,15_16,16_17,17_18,18_19,19_20,20_21
3,2019-07-19,6_7,7_8,8_9,9_10,10_11,11_12,12_13,13_14,14_15,15_16,16_17,17_18,18_19,19_20,20_21
4,2019-07-19,6_7,7_8,8_9,9_10,10_11,11_12,12_13,13_14,14_15,15_16,16_17,17_18,18_19,19_20,20_21
5,2019-07-19,6_7,7_8,8_9,9_10,10_11,11_12,12_13,13_14,14_15,15_16,16_17,17_18,18_19,19_20,20_21
1,2019-07-20,6_7,7_8,8_9,9_10,10_11,11_12,12_13,13_14,14_15,15_16,16_17,17_18,18_19,19_20,20_21
2,2019-07-20,6_7,7_8,8_9,9_10,10_11,11_12,12_13,13_14,14_15,15_16,16_17,17_18,18_19,19_20,20_21
3,2019-07-20,6_7,7_8,8_9,9_10,10_11,11_12,12_13,13_14,14_15,15_16,16_17,17_18,18_19,19_20,20_21
4,2019-07-20,6_7,7_8,8_9,9_10,10_11,11_12,12_13,13_14,14_15,15_16,16_17,17_18,18_19,19_20,20_21
5,2019-07-20,6_7,7_8,8_9,9_10,10_11,11_12,12_13,13_14,14_15,15_16,16_17,17_18,18_19,19_20,20_21
1,2019-07-21,6_7,7_8,8_9,9_10,10_11,11_12,12_13,13_14,14_15,15_16,16_17,17_18,18_19,19_20,20_21
2,2019-07-21,6_7,7_8,8_9,9_10,10_11,11_12,12_13,13_14,14_15,15_16,16_17,17_18,18_19,19_20,20_21
3,2019-07-21,6_7,7_8,8_9,9_10,10_11,11_12,12_13,13_14,14_15,15_16,16_17,17_18,18_19,19_20,20_21
4,2019-07-21,6_7,7_8,8_9,9_10,10_11,11_12,12_13,13_14,14_15,15_16,16_17,17_18,18_19,19_20,20_21
5,2019-07-21,6_7,7_8,8_9,9_10,10_11,11_12,12_13,13_14,14_15,15_16,16_17,17_18,18_19,19_20,20_21
1,2019-07-22,6_7,7_8,8_9,9_10,10_11,11_12,12_13,13_14,14_15,15_16,16_17,17_18,18_19,19_20,20_21
2,2019-07-22,6_7,7_8,8_9,9_10,10_11,11_12,12_13,13_14,14_15,15_16,16_17,17_18,18_19,19_20,20_21
3,2019-07-22,6_7,7_8,8_9,9_10,10_11,11_12,12_13,13_14,14_15,15_16,16_17,17_18,18_19,19_20,20_21
4,2019-07-22,6_7,7_8,8_9,9_10,10_11,11_12,12_13,13_14,14_15,15_16,16_17,17_18,18_19,19_20,20_21
5,2019-07-22,6_7,7_8,8_9,9_10,10_11,11_12,12_13,13_14,14_15,15_16,16_17,17_18,18_19,19_20,20_21
1,2019-07-23,6_7,7_8,8_9,9_10,10_11,11_12,12_13,13_14,14_15,15_16,16_17,17_18,18_19,19_20,20_21
2,2019-07-23,6_7,7_8,8_9,9_10,10_11,11_12,12_13,13_14,14_15,15_16,16_17,17_18,18_19,19_20,20_21
3,2019-07-23,6_7,7_8,8_9,9_10,10_11,11_12,12_13,13_14,14_15,15_16,16_17,17_18,18_19,19_20,20_21
4,2019-07-23,6_7,7_8,8_9,9_10,10_11,11_12,12_13,13_14,14_15,15_16,16_17,17_18,18_19,19_20,20_21
5,2019-07-23,6_7,7_8,8_9,9_10,10_11,11_12,12_13,13_14,14_15,15_16,16_17,17_18,18_19,19_20,20_21
1,2019-07-24,6_7,7_8,8_9,9_10,10_11,11_12,12_13,13_14,14_15,15_16,16_17,17_18,18_19,19_20,20_21
2,2019-07-24,6_7,7_8,8_9,9_10,10_11,11_12,12_13,13_14,14_15,15_16,16_17,17_18,18_19,19_20,20_21
3,2019-07-24,6_7,7_8,8_9,9_10,10_11,11_12,12_13,13_14,14_15,15_16,16_17,17_18,18_19,19_20,20_21
4,2019-07-24,6_7,7_8,8_9,9_10,10_11,11_12,12_13,13_14,14_15,15_16,16_17,17_18,18_19,19_20,20_21
5,2019-07-24,6_7,7_8,8_9,9_10,10_11,11_12,12_13,13_14,14_15,15_16,16_17,17_18,18_19,19_20,20_21
1,2019-07-25,6_7,7_8,8_9,9_10,10_11,11_12,12_13,13_14,14_15,15_16,16_17,17_18,18_19,19_20,20_21
2,2019-07-25,6_7,7_8,8_9,9_10,10_11,11_12,12_13,13_14,14_15,15_16,16_17,17_18,18_19,19_20,20_21
3,2019-07-25,6_7,7_8,8_9,9_10,10_11,11_12,12_13,13_14,14_15,15_16,16_17,17_18,18_19,19_20,20_21
4,2019-07-25,6_7,7_8,8_9,9_10,10_11,11_12,12_13,13_14,14_15,15_16,16_17,17_18,18_19,19_20,20_21
5,2019-07-25,6_7,7_8,8_9,9_10,10_11,11_12,12_13,13_14,14_15,15_16,16_17,17_18,18_19,19_20,20_21
1,2019-07-26,6_7,7_8,8_9,9_10,10_11,11_12,12_13,13_14,14_15,15_16,16_17,17_18,18_19,19_20,20_21
2,2019-07-26,6_7,7_8,8_9,9_10,10_11,11_12,12_13,13_14,14_15,15_16,16_17,17_18,18_19,19_20,20_21
3,2019-07-26,6_7,7_8,8_9,9_10,10_11,11_12,12_13,13_14,14_15,15_16,16_17,17_18,18_19,19_20,20_21
4,2019-07-26,6_7,7_8,8_9,9_10,10_11,11_12,12_13,13_14,14_15,15_16,16_17,17_18,18_19,19_20,20_21
5,2019-07-26,6_7,7_8,8_9,9_10,10_11,11_12,12_13,13_14,14_15,15_16,16_17,17_18,18_19,19_20,20_21
1,2019-07-27,6_7,7_8,8_9,9_10,10_11,11_12,12_13,13_14,14_15,15_16,16_17,17_18,18_19,19_20,20_21
2,2019-07-27,6_7,7_8,8_9,9_10,10_11,11_12,12_13,13_14,14_15,15_16,16_17,17_18,18_19,19_20,20_21
3,2019-07-27,6_7,7_8,8_9,9_10,10_11,11_12,12_13,13_14,14_15,15_16,16_17,17_18,18_19,19_20,20_21
4,2019-07-27,6_7,7_8,8_9,9_10,10_11,11_12,12_13,13_14,14_15,15_16,16_17,17_18,18_19,19_20,20_21
5,2019-07-27,6_7,7_8,8_9,9_10,10_11,11_12,12_13,13_14,14_15,15_16,16_17,17_18,18_19,19_20,20_21
1,2019-07-28,6_7,7_8,8_9,9_10,10_11,11_12,12_13,13_14,14_15,15_16,16_17,17_18,18_19,19_20,20_21
2,2019-07-28,6_7,7_8,8_9,9_10,10_11,11_12,12_13,13_14,14_15,15_16,16_17,17_18,18_19,19_20,20_21
3,2019-07-28,6_7,7_8,8_9,9_10,10_11,11_12,12_13,13_14,14_15,15_16,16_17,17_18,18_19,19_20,20_21
4,2019-07-28,6_7,7_8,8_9,9_10,10_11,11_12,12_13,13_14,14_15,15_16,16_17,17_18,18_19,19_20,20_21
5,2019-07-28,6_7,7_8,8_9,9_10,10_11,11_12,12_13,13_14,14_15,15_16,16_17,17_18,18_19,19_20,20_21
1,2019-07-29,6_7,7_8,8_9,9_10,10_11,11_12,12_13,13_14,14_15,15_16,16_17,17_18,18_19,19_20,20_21
2,2019-07-29,6_7,7_8,8_9,9_10,10_11,11_12,12_13,13_14,14_15,15_16,16_17,17_18,18_19,19_20,20_21
3,2019-07-29,6_7,7_8,8_9,9_10,10_11,11_12,12_13,13_14,14_15,15_16,16_17,17_18,18_19,19_20,20_21
4,2019-07-29,6_7,7_8,8_9,9_10,10_11,11_12,12_13,13_14,14_15,15_16,16_17,17_18,18_19,19_20,20_21
5,2019-07-29,6_7,7_8,8_9,9_10,10_11,11_12,12_13,13_14,14_15,15_16,16_17,17_18,18_19,19_20,20_21
1,2019-07-30,6_7,7_8,8_9,9_10,10_11,11_12,12_13,13_14,14_15,15_16,16_17,17_18,18_19,19_20,20_21
2,2019-07-30,6_7,7_8,8_9,9_10,10_11,11_12,12_13,13_14,14_15,15_16,16_17,17_18,18_19,19_20,20_21
3,2019-07-30,6_7,7_8,8_9,9_10,10_11,11_12,12_13,13_14,14_15,15_16,16_17,17_18,18_19,19_20,20_21
4,2019-07-30,6_7,7_8,8_9,9_10,10_11,11_12,12_13,13_14,14_15,15_16,16_17,17_18,18_19,19_20,20_21
5,2019-07-30,6_7,7_8,8_9,9_10,10_11,11_12,12_13,13_14,14_15,15_16,16_17,17_18,18_19,19_20,20_21
1,2019-07-31,6_7,7_8,8_9,9_10,10_11,11_12,12_13,13_14,14_15,15_16,16_17,17_18,18_19,19_20,20_21
2,2019-07-31,6_7,7_8,8_9,9_10,10_11,11_12,12_13,13_14,14_15,15_16,16_17,17_18,18_19,19_20,20_21
3,2019-07-31,6_7,7_8,8_9,9_10,10_11,11_12,12_13,13_14,14_15,15_16,16_17,17_18,18_19,19_20,20_21
4,2019-07-31,6_7,7_8,8_9,9_10,10_11,11_12,12_13,13_14,14_15,15_16,16_17,17_18,18_19,19_20,20_21
5,2019-07-31,6_7,7_8,8_9,9_10,10_11,11_12,12_13,13_14,14_15,15_16,16_17,17_18,18_19,19_20,20_21
1,2019-08-01,6_7,7_8,8_9,9_10,10_11,11_12,12_13,13_14,14_15,15_16,16_17,17_18,18_19,19_20,20_21
2,2019-08-01,6_7,7_8,8_9,9_10,10_11,11_12,12_13,13_14,14_15,15_16,16_17,17_18,18_19,19_20,20_21
3,2019-08-01,6_7,7_8,8_9,9_10,10_11,11_12,12_13,13_14,14_15,15_16,16_17,17_18,18_19,19_20,20_21
4,2019-08-01,6_7,7_8,8_9,9_10,10_11,11_12,12_13,13_14,14_15,15_16,16_17,17_18,18_19,19_20,20_21
5,2019-08-01,6_7,7_8,8_9,9_10,10_11,11_12,12_13,13_14,14_15,15_16,16_17,17_18,18_19,19_20,20_21
1,2019-08-02,6_7,7_8,8_9,9_10,10_11,11_12,12_13,13_14,14_15,15_16,16_17,17_18,18_19,19_20,20_21
2,2019-08-02,6_7,7_8,8_9,9_10,10_11,11_12,12_13,13_14,14_15,15_16,16_17,17_18,18_19,19_20,20_21
3,2019-08-02,6_7,7_8,8_9,9_10,10_11,11_12,12_13,13_14,14_15,15_16,16_17,17_18,18_19,19_20,20_21
4,2019-08-02,6_7,7_8,8_9,9_10,10_11,11_12,12_13,13_14,14_15,15_16,16_17,17_18,18_19,19_20,20_21
5,2019-08-02,6_7,7_8,8_9,9_10,10_11,11_12,12_13,13_14,14_15,15_16,16_17,17_18,18_19,19_20,20_21
1,2019-08-03,6_7,7_8,8_9,9_10,10_11,11_12,12_13,13_14,14_15,15_16,16_17,17_18,18_19,19_20,20_21
2,2019-08-03,6_7,7_8,8_9,9_10,10_11,11_12,12_13,13_14,14_15,15_16,16_17,17_18,18_19,19_20,20_21
3,2019-08-03,6_7,7_8,8_9,9_10,10_11,11_12,12_13,13_14,14_15,15_16,16_17,17_18,18_19,19_20,20_21
4,2019-08-03,6_7,7_8,8_9,9_10,10_11,11_12,12_13,13_14,14_15,15_16,16_17,17_18,18_19,19_20,20_21
5,2019-08-03,6_7,7_8,8_9,9_10,10_11,11_12,12_13,13_14,14_15,15_16,16_17,17_18,18_19,19_20,20_21
1,2019-08-04,6_7,7_8,8_9,9_10,10_11,11_12,12_13,13_14,14_15,15_16,16_17,17_18,18_19,19_20,20_21
2,2019-08-04,6_7,7_8,8_9,9_10,10_11,11_12,12_13,13_14,14_15,15_16,16_17,17_18,18_19,19_20,20_21
3,2019-08-04,6_7,7_8,8_9,9_10,10_11,11_12,12_13,13_14,14_15,15_16,16_17,17_18,18_19,19_20,20_21
4,2019-08-04,6_7,7_8,8_9,9_10,10_11,11_12,12_13,13_14,14_15,15_16,16_17,17_18,18_19,19_20,20_21
5,2019-08-04,6_7,7_8,8_9,9_10,10_11,11_12,12_13,13_14,14_15,15_16,16_17,17_18,18_19,19_20,20_21
1,2019-08-05,6_7,7_8,8_9,9_10,10_11,11_12,12_13,13_14,14_15,15_16,16_17,17_18,18_19,19_20,20_21
2,2019-08-05,6_7,7_8,8_9,9_10,10_11,11_12,12_13,13_14,14_15,15_16,16_17,17_18,18_19,19_20,20_21
3,2019-08-05,6_7,7_8,8_9,9_10,10_11,11_12,12_13,13_14,14_15,15_16,16_17,17_18,18_19,19_20,20_21
4,2019-08-05,6_7,7_8,8_9,9_10,10_11,11_12,12_13,13_14,14_15,15_16,16_17,17_18,18_19,19_20,20_21
5,2019-08-05,6_7,7_8,8_9,9_10,10_11,11_12,12_13,13_14,14_15,15_16,16_17,17_18,18_19,19_20,20_21
1,2019-08-06,6_7,7_8,8_9,9_10,10_11,11_12,12_13,13_14,14_15,15_16,16_17,17_18,18_19,19_20,20_21
2,2019-08-06,6_7,7_8,8_9,9_10,10_11,11_12,12_13,13_14,14_15,15_16,16_17,17_18,18_19,19_20,20_21
3,2019-08-06,6_7,7_8,8_9,9_10,10_11,11_12,12_13,13_14,14_15,15_16,16_17,17_18,18_19,19_20,20_21
4,2019-08-06,6_7,7_8,8_9,9_10,10_11,11_12,12_13,13_14,14_15,15_16,16_17,17_18,18_19,19_20,20_21
5,2019-08-06,6_7,7_8,8_9,9_10,10_11,11_12,12_13,13_14,14_15,15_16,16_17,17_18,18_19,19_20,20_21
1,2019-08-07,6_7,7_8,8_9,9_10,10_11,11_12,12_13,13_14,14_15,15_16,16_17,17_18,18_19,19_20,20_21
2,2019-08-07,6_7,7_8,8_9,9_10,10_11,11_12,12_13,13_14,14_15,15_16,16_17,17_18,18_19,19_20,20_21
3,2019-08-07,6_7,7_8,8_9,9_10,10_11,11_12,12_13,13_14,14_15,15_16,16_17,17_18,18_19,19_20,20_21
4,2019-08-07,6_7,7_8,8_9,9_10,10_11,11_12,12_13,13_14,14_15,15_16,16_17,17_18,18_19,19_20,20_21
5,2019-08-07,6_7,7_8,8_9,9_10,10_11,11_12,12_13,13_14,14_15,15_16,16_17,17_18,18_19,19_20,20_21
1,2019-08-08,6_7,7_8,8_9,9_10,10_11,11_12,12_13,13_14,14_15,15_16,16_17,17_18,18_19,19_20,20_21
2,2019-08-08,6_7,7_8,8_9,9_10,10_11,11_12,12_13,13_14,14_15,15_16,16_17,17_18,18_19,19_20,20_21
3,2019-08-08,6_7,7_8,8_9,9_10,10_11,11_12,12_13,13_14,14_15,15_16,16_17,17_18,18_19,19_20,20_21
4,2019-08-08,6_7,7_8,8_9,9_10,10_11,11_12,12_13,13_14,14_15,15_16,16_17,17_18,18_19,19_20,20_21
5,2019-08-08,6_7,7_8,8_9,9_10,10_11,11_12,12_13,13_14,14_15,15_16,16_17,17_18,18_19,19_20,20_21
1,2019-08-09,6_7,7_8,8_9,9_10,10_11,11_12,12_13,13_14,14_15,15_16,16_17,17_18,18_19,19_20,20_21
2,2019-08-09,6_7,7_8,8_9,9_10,10_11,11_12,12_13,13_14,14_15,15_16,16_17,17_18,18_19,19_20,20_21
3,2019-08-09,6_7,7_8,8_9,9_10,10_11,11_12,12_13,13_14,14_15,15_16,16_17,17_18,18_19,19_20,20_21
4,2019-08-09,6_7,7_8,8_9,9_10,10_11,11_12,12_13,13_14,14_15,15_16,16_17,17_18,18_19,19_20,20_21
5,2019-08-09,6_7,7_8,8_9,9_10,10_11,11_12,12_13,13_14,14_15,15_16,16_17,17_18,18_19,19_20,20_21
1,2019-08-10,6_7,7_8,8_9,9_10,10_11,11_12,12_13,13_14,14_15,15_16,16_17,17_18,18_19,19_20,20_21
2,2019-08-10,6_7,7_8,8_9,9_10,10_11,11_12,12_13,13_14,14_15,15_16,16_17,17_18,18_19,19_20,20_21
3,2019-08-10,6_7,7_8,8_9,9_10,10_11,11_12,12_13,13_14,14_15,15_16,16_17,17_18,18_19,19_20,20_21
4,2019-08-10,6_7,7_8,8_9,9_10,10_11,11_12,12_13,13_14,14_15,15_16,16_17,17_18,18_19,19_20,20_21
5,2019-08-10,6_7,7_8,8_9,9_10,10_11,11_12,12_13,13_14,14_15,15_16,16_17,17_18,18_19,19_20,20_21
